scene_id,event_id,tile_id,acquisition_timestamp,sim_hours,latitude,longitude,bbox,sensor,product_type,polarization,acquisition_mode,pixel_spacing_m,scene_size_px,incidence_angle_deg,image_path,mask_path,quicklook_path,mask_available,oil_present,lookalike_present,ship_present,land_present,pre_release_scene,true_oil_area_km2,true_oil_major_km,true_oil_minor_km,true_oil_orientation_deg,f1_detected,f1_confidence,f1_lookalike_merged,f1_partial,wind_speed_ms,current_speed_ms,contrast_factor,ground_truth_source,label_confidence,data_quality_flag,source_dataset,license,split
S1_EVT0001_00,EVT0001,T00001,2026-01-08T13:38:46Z,85.646,37.64822,20.535648,"20.42335,37.55623,20.64794,37.74021",Sentinel-1,GRD,VV+VH,IW,40.0,512,40.3,images\S1_EVT0001_00.npy,masks\S1_EVT0001_00.png,quicklook\S1_EVT0001_00.png,True,False,False,True,False,True,0.0,0.0,0.0,0.0,False,0.0,False,False,4.126,0.4055,1.0,simulation,0.969,nominal,OceanGuard-Synth,CC-BY-4.0 (synthetic),train
S1_EVT0001_01,EVT0001,T00002,2026-01-08T22:20:23Z,94.34,38.006199,21.267771,"21.15548,37.91421,21.38007,38.09819",Sentinel-1,GRD,VV+VH,IW,40.0,512,40.54,images\S1_EVT0001_01.npy,masks\S1_EVT0001_01.png,quicklook\S1_EVT0001_01.png,True,True,True,True,False,False,10.9277,6.671,2.346,88.04,False,0.0,False,False,2.119,1.0498,0.501,simulation,0.819,low_contrast,OceanGuard-Synth,CC-BY-4.0 (synthetic),train
S1_EVT0001_02,EVT0001,T00003,2026-01-09T16:00:22Z,112.006,38.333618,21.163833,"21.05154,38.24163,21.27613,38.42561",Sentinel-1,GRD,VV+VH,IW,40.0,512,37.27,images\S1_EVT0001_02.npy,masks\S1_EVT0001_02.png,quicklook\S1_EVT0001_02.png,True,True,True,True,False,False,26.9986,7.863,5.465,155.45,True,0.99,False,False,6.877,0.3627,1.0,simulation,0.893,nominal,OceanGuard-Synth,CC-BY-4.0 (synthetic),train
S1_EVT0001_03,EVT0001,T00004,2026-01-10T10:00:41Z,130.011,38.501258,20.642879,"20.53058,38.40927,20.75517,38.59324",Sentinel-1,GRD,VV+VH,IW,40.0,512,38.37,images\S1_EVT0001_03.npy,masks\S1_EVT0001_03.png,quicklook\S1_EVT0001_03.png,True,True,True,True,False,False,26.9489,14.081,3.786,91.96,False,0.0,False,False,2.424,0.5103,0.674,simulation,0.884,low_contrast,OceanGuard-Synth,CC-BY-4.0 (synthetic),train
S1_EVT0001_04,EVT0001,T00005,2026-01-11T07:23:43Z,151.395,38.501258,20.661316,"20.54902,38.40927,20.77361,38.59324",Sentinel-1,GRD,VV+VH,IW,40.0,512,34.83,images\S1_EVT0001_04.npy,masks\S1_EVT0001_04.png,quicklook\S1_EVT0001_04.png,True,False,True,True,False,False,0.0,0.0,0.0,0.0,False,0.0,False,False,5.0,0.1571,1.0,simulation,0.911,nominal,OceanGuard-Synth,CC-BY-4.0 (synthetic),train
S1_EVT0001_05,EVT0001,T00006,2026-01-11T23:18:39Z,167.311,38.501258,20.775479,"20.66318,38.40927,20.88777,38.59324",Sentinel-1,GRD,VV+VH,IW,40.0,512,39.57,images\S1_EVT0001_05.npy,masks\S1_EVT0001_05.png,quicklook\S1_EVT0001_05.png,True,False,True,True,False,False,0.0,0.0,0.0,0.0,False,0.0,False,False,0.986,0.4531,0.15,simulation,0.803,low_contrast,OceanGuard-Synth,CC-BY-4.0 (synthetic),train
S1_EVT0001_06,EVT0001,T00007,2026-01-12T15:30:49Z,183.514,38.501258,20.867536,"20.75524,38.40927,20.97983,38.59324",Sentinel-1,GRD,VV+VH,IW,40.0,512,35.59,images\S1_EVT0001_06.npy,masks\S1_EVT0001_06.png,quicklook\S1_EVT0001_06.png,True,False,True,True,False,False,0.0,0.0,0.0,0.0,False,0.0,False,False,6.888,0.3629,1.0,simulation,0.99,nominal,OceanGuard-Synth,CC-BY-4.0 (synthetic),train
S1_EVT0001_07,EVT0001,T00008,2026-01-13T06:53:08Z,198.886,38.501258,21.054316,"20.94202,38.40927,21.16661,38.59324",Sentinel-1,GRD,VV+VH,IW,40.0,512,31.57,images\S1_EVT0001_07.npy,masks\S1_EVT0001_07.png,quicklook\S1_EVT0001_07.png,True,False,True,True,False,False,0.0,0.0,0.0,0.0,False,0.0,False,False,10.077,0.4336,1.0,simulation,0.97,nominal,OceanGuard-Synth,CC-BY-4.0 (synthetic),train
S1_EVT0001_08,EVT0001,T00009,2026-01-13T23:57:01Z,215.95,38.501258,21.279728,"21.16743,38.40927,21.39202,38.59324",Sentinel-1,GRD,VV+VH,IW,40.0,512,33.04,images\S1_EVT0001_08.npy,masks\S1_EVT0001_08.png,quicklook\S1_EVT0001_08.png,True,False,True,True,False,False,0.0,0.0,0.0,0.0,False,0.0,False,False,6.561,0.4092,1.0,simulation,0.908,nominal,OceanGuard-Synth,CC-BY-4.0 (synthetic),train
S1_EVT0001_09,EVT0001,T00010,2026-01-14T19:05:24Z,235.09,38.501258,21.366073,"21.25378,38.40927,21.47837,38.59324",Sentinel-1,GRD,VV+VH,IW,40.0,512,32.33,images\S1_EVT0001_09.npy,masks\S1_EVT0001_09.png,quicklook\S1_EVT0001_09.png,True,False,True,True,False,False,0.0,0.0,0.0,0.0,False,0.0,False,False,3.873,0.3321,1.0,simulation,0.914,nominal,OceanGuard-Synth,CC-BY-4.0 (synthetic),train
S1_EVT0001_10,EVT0001,T00011,2026-01-15T08:24:28Z,248.408,38.501258,21.55926,"21.44696,38.40927,21.67156,38.59324",Sentinel-1,GRD,VV+VH,IW,40.0,512,35.44,images\S1_EVT0001_10.npy,masks\S1_EVT0001_10.png,quicklook\S1_EVT0001_10.png,True,False,True,True,False,False,0.0,0.0,0.0,0.0,False,0.0,False,False,5.492,0.9302,1.0,simulation,0.934,nominal,OceanGuard-Synth,CC-BY-4.0 (synthetic),train
S1_EVT0002_00,EVT0002,T00012,2026-01-12T20:07:37Z,188.127,38.124103,18.430041,"18.31775,38.03212,18.54234,38.21609",Sentinel-1,GRD,VV+VH,IW,40.0,512,37.82,images\S1_EVT0002_00.npy,masks\S1_EVT0002_00.png,quicklook\S1_EVT0002_00.png,True,True,True,True,True,False,6.0517,3.55,2.292,59.09,False,0.0,False,False,0.412,0.2767,0.15,simulation,0.811,low_contrast,OceanGuard-Synth,CC-BY-4.0 (synthetic),train
S1_EVT0002_01,EVT0002,T00013,2026-01-13T13:49:27Z,205.824,38.131506,18.309332,"18.19704,38.03952,18.42163,38.22349",Sentinel-1,GRD,VV+VH,IW,40.0,512,32.93,images\S1_EVT0002_01.npy,masks\S1_EVT0002_01.png,quicklook\S1_EVT0002_01.png,True,True,True,True,False,False,35.7053,15.375,3.936,175.66,True,0.956,False,True,3.538,0.1441,1.0,simulation,0.99,nominal,OceanGuard-Synth,CC-BY-4.0 (synthetic),train
S1_EVT0002_02,EVT0002,T00014,2026-01-14T03:24:19Z,219.406,38.257762,18.469747,"18.35745,38.16578,18.58204,38.34975",Sentinel-1,GRD,VV+VH,IW,40.0,512,35.17,images\S1_EVT0002_02.npy,masks\S1_EVT0002_02.png,quicklook\S1_EVT0002_02.png,True,True,True,True,False,False,46.2952,21.546,4.662,24.33,True,0.817,True,False,2.832,0.6462,0.905,simulation,0.966,nominal,OceanGuard-Synth,CC-BY-4.0 (synthetic),train
S1_EVT0002_03,EVT0002,T00015,2026-01-14T20:11:02Z,236.184,38.436706,18.340652,"18.22836,38.34472,18.45295,38.52869",Sentinel-1,GRD,VV+VH,IW,40.0,512,39.44,images\S1_EVT0002_03.npy,masks\S1_EVT0002_03.png,quicklook\S1_EVT0002_03.png,True,True,True,False,False,False,72.958,19.839,7.218,63.27,False,0.0,False,False,7.478,0.1121,1.0,simulation,0.925,nominal,OceanGuard-Synth,CC-BY-4.0 (synthetic),train
S1_EVT0002_04,EVT0002,T00016,2026-01-15T14:36:21Z,254.606,38.423864,18.473256,"18.36096,38.33188,18.58555,38.51585",Sentinel-1,GRD,VV+VH,IW,40.0,512,30.2,images\S1_EVT0002_04.npy,masks\S1_EVT0002_04.png,quicklook\S1_EVT0002_04.png,True,True,True,True,True,False,42.6023,14.109,4.961,49.91,True,0.981,False,False,7.733,0.7181,1.0,simulation,0.949,nominal,OceanGuard-Synth,CC-BY-4.0 (synthetic),train
S1_EVT0002_05,EVT0002,T00017,2026-01-16T07:34:03Z,271.568,38.501258,18.433408,"18.32111,38.40927,18.54570,38.59324",Sentinel-1,GRD,VV+VH,IW,40.0,512,42.11,images\S1_EVT0002_05.npy,masks\S1_EVT0002_05.png,quicklook\S1_EVT0002_05.png,True,True,True,False,False,False,29.4862,11.17,4.866,31.43,True,0.554,True,True,1.639,0.2563,0.229,simulation,0.874,low_contrast,OceanGuard-Synth,CC-BY-4.0 (synthetic),train
S1_EVT0002_06,EVT0002,T00018,2026-01-17T00:08:47Z,288.147,38.501258,18.602331,"18.49004,38.40927,18.71463,38.59324",Sentinel-1,GRD,VV+VH,IW,40.0,512,37.56,images\S1_EVT0002_06.npy,masks\S1_EVT0002_06.png,quicklook\S1_EVT0002_06.png,True,False,False,True,False,False,0.0,0.0,0.0,0.0,False,0.0,False,False,4.681,0.6384,1.0,simulation,0.906,nominal,OceanGuard-Synth,CC-BY-4.0 (synthetic),train
S1_EVT0002_07,EVT0002,T00019,2026-01-17T20:23:49Z,308.397,38.501258,18.72387,"18.61157,38.40927,18.83617,38.59324",Sentinel-1,GRD,VV+VH,IW,40.0,512,30.89,images\S1_EVT0002_07.npy,masks\S1_EVT0002_07.png,quicklook\S1_EVT0002_07.png,True,False,False,False,False,False,0.0,0.0,0.0,0.0,False,0.0,False,False,7.838,0.1638,1.0,simulation,0.911,nominal,OceanGuard-Synth,CC-BY-4.0 (synthetic),train
S1_EVT0002_08,EVT0002,T00020,2026-01-18T17:16:33Z,329.276,38.501258,18.995861,"18.88357,38.40927,19.10816,38.59324",Sentinel-1,GRD,VV+VH,IW,40.0,512,42.93,images\S1_EVT0002_08.npy,masks\S1_EVT0002_08.png,quicklook\S1_EVT0002_08.png,True,False,True,True,False,False,0.0,0.0,0.0,0.0,False,0.0,False,False,2.406,0.9629,0.664,simulation,0.831,low_contrast,OceanGuard-Synth,CC-BY-4.0 (synthetic),train
S1_EVT0002_09,EVT0002,T00021,2026-01-19T11:41:42Z,347.695,38.501258,19.144696,"19.03240,38.40927,19.25699,38.59324",Sentinel-1,GRD,VV+VH,IW,40.0,512,32.32,images\S1_EVT0002_09.npy,masks\S1_EVT0002_09.png,quicklook\S1_EVT0002_09.png,True,False,True,True,False,False,0.0,0.0,0.0,0.0,False,0.0,False,False,0.308,0.5023,0.15,simulation,0.825,low_contrast,OceanGuard-Synth,CC-BY-4.0 (synthetic),train
S1_EVT0003_00,EVT0003,T00022,2026-01-11T11:52:26Z,155.874,35.905154,18.879224,"18.76693,35.81317,18.99152,35.99714",Sentinel-1,GRD,VV+VH,IW,40.0,512,36.56,images\S1_EVT0003_00.npy,masks\S1_EVT0003_00.png,quicklook\S1_EVT0003_00.png,True,True,False,True,False,False,8.1253,4.153,2.996,143.16,True,0.769,False,False,0.991,0.3357,0.15,simulation,0.802,low_contrast,OceanGuard-Synth,CC-BY-4.0 (synthetic),val
S1_EVT0003_01,EVT0003,T00023,2026-01-12T04:39:18Z,172.655,36.010771,19.03984,"18.92754,35.91878,19.15214,36.10276",Sentinel-1,GRD,VV+VH,IW,40.0,512,41.67,images\S1_EVT0003_01.npy,masks\S1_EVT0003_01.png,quicklook\S1_EVT0003_01.png,True,True,True,False,True,False,31.332,13.239,3.982,53.55,True,0.99,False,False,4.05,0.6035,1.0,simulation,0.967,nominal,OceanGuard-Synth,CC-BY-4.0 (synthetic),val
S1_EVT0003_02,EVT0003,T00024,2026-01-12T22:10:05Z,190.168,36.238819,19.079058,"18.96676,36.14683,19.19135,36.33081",Sentinel-1,GRD,VV+VH,IW,40.0,512,39.06,images\S1_EVT0003_02.npy,masks\S1_EVT0003_02.png,quicklook\S1_EVT0003_02.png,True,True,True,True,False,False,23.4272,8.0,4.699,91.58,True,0.8,True,False,9.03,0.3248,1.0,simulation,0.892,nominal,OceanGuard-Synth,CC-BY-4.0 (synthetic),val
S1_EVT0003_03,EVT0003,T00025,2026-01-13T15:15:59Z,207.266,36.366893,19.328141,"19.21585,36.27491,19.44044,36.45888",Sentinel-1,GRD,VV+VH,IW,40.0,512,31.84,images\S1_EVT0003_03.npy,masks\S1_EVT0003_03.png,quicklook\S1_EVT0003_03.png,True,True,True,True,True,False,20.9924,8.296,3.865,23.56,True,0.775,True,True,5.187,0.6398,1.0,simulation,0.886,nominal,OceanGuard-Synth,CC-BY-4.0 (synthetic),val
S1_EVT0003_04,EVT0003,T00026,2026-01-14T06:04:23Z,222.073,36.646482,19.443046,"19.33075,36.55449,19.55534,36.73847",Sentinel-1,GRD,VV+VH,IW,40.0,512,43.09,images\S1_EVT0003_04.npy,masks\S1_EVT0003_04.png,quicklook\S1_EVT0003_04.png,True,True,True,False,False,False,29.5532,7.539,6.033,17.93,True,0.902,False,True,5.504,0.3115,1.0,simulation,0.99,nominal,OceanGuard-Synth,CC-BY-4.0 (synthetic),val
S1_EVT0003_05,EVT0003,T00027,2026-01-14T22:11:56Z,238.199,36.794201,19.629085,"19.51679,36.70221,19.74138,36.88619",Sentinel-1,GRD,VV+VH,IW,40.0,512,34.11,images\S1_EVT0003_05.npy,masks\S1_EVT0003_05.png,quicklook\S1_EVT0003_05.png,True,True,True,True,False,False,32.2053,15.792,3.763,25.67,False,0.0,False,False,4.213,0.7158,1.0,simulation,0.906,nominal,OceanGuard-Synth,CC-BY-4.0 (synthetic),val
S1_EVT0003_06,EVT0003,T00028,2026-01-15T16:42:11Z,256.703,37.08169,19.679644,"19.56735,36.98970,19.79194,37.17368",Sentinel-1,GRD,VV+VH,IW,40.0,512,38.96,images\S1_EVT0003_06.npy,masks\S1_EVT0003_06.png,quicklook\S1_EVT0003_06.png,True,True,True,True,True,False,39.6966,13.612,4.766,108.15,True,0.99,False,False,5.182,0.2649,1.0,simulation,0.951,nominal,OceanGuard-Synth,CC-BY-4.0 (synthetic),val
S1_EVT0003_07,EVT0003,T00029,2026-01-16T11:44:25Z,275.74,37.15356,19.675514,"19.56322,37.06157,19.78781,37.24555",Sentinel-1,GRD,VV+VH,IW,40.0,512,35.5,images\S1_EVT0003_07.npy,masks\S1_EVT0003_07.png,quicklook\S1_EVT0003_07.png,True,True,True,True,False,False,41.8385,19.329,3.595,15.83,True,0.693,True,True,6.877,0.4262,1.0,simulation,0.958,nominal,OceanGuard-Synth,CC-BY-4.0 (synthetic),val
S1_EVT0003_08,EVT0003,T00030,2026-01-17T09:15:10Z,297.253,37.357423,19.463912,"19.35162,37.26544,19.57621,37.44941",Sentinel-1,GRD,VV+VH,IW,40.0,512,43.42,images\S1_EVT0003_08.npy,masks\S1_EVT0003_08.png,quicklook\S1_EVT0003_08.png,True,True,True,True,False,False,47.2674,18.564,4.152,141.66,True,0.99,False,False,7.225,0.4854,1.0,simulation,0.989,nominal,OceanGuard-Synth,CC-BY-4.0 (synthetic),val
S1_EVT0003_09,EVT0003,T00031,2026-01-18T05:52:43Z,317.879,37.334612,19.572312,"19.46002,37.24263,19.68461,37.42660",Sentinel-1,GRD,VV+VH,IW,40.0,512,44.55,images\S1_EVT0003_09.npy,masks\S1_EVT0003_09.png,quicklook\S1_EVT0003_09.png,True,True,True,True,False,False,40.6421,18.068,4.201,24.72,True,0.772,False,True,2.34,0.3158,0.626,simulation,0.889,low_contrast,OceanGuard-Synth,CC-BY-4.0 (synthetic),val
S1_EVT0004_00,EVT0004,T00032,2026-01-06T14:03:35Z,38.06,37.579387,21.894715,"21.78242,37.48740,22.00701,37.67137",Sentinel-1,GRD,VV+VH,IW,40.0,512,40.49,images\S1_EVT0004_00.npy,masks\S1_EVT0004_00.png,quicklook\S1_EVT0004_00.png,True,True,True,True,False,False,15.814,4.757,4.709,170.64,True,0.99,False,False,4.527,0.1697,1.0,simulation,0.96,nominal,OceanGuard-Synth,CC-BY-4.0 (synthetic),train
S1_EVT0004_01,EVT0004,T00033,2026-01-07T11:51:13Z,59.854,37.527944,21.931003,"21.81871,37.43596,22.04330,37.61993",Sentinel-1,GRD,VV+VH,IW,40.0,512,32.76,images\S1_EVT0004_01.npy,masks\S1_EVT0004_01.png,quicklook\S1_EVT0004_01.png,True,True,True,True,False,False,22.7572,10.9,3.556,12.35,True,0.99,False,False,3.744,0.5693,1.0,simulation,0.929,nominal,OceanGuard-Synth,CC-BY-4.0 (synthetic),train
S1_EVT0004_02,EVT0004,T00034,2026-01-08T06:44:48Z,78.747,37.607413,22.211023,"22.09873,37.51543,22.32332,37.69940",Sentinel-1,GRD,VV+VH,IW,40.0,512,33.85,images\S1_EVT0004_02.npy,masks\S1_EVT0004_02.png,quicklook\S1_EVT0004_02.png,True,True,True,True,True,False,52.6769,15.582,5.681,29.91,True,0.99,False,False,8.991,0.3397,1.0,simulation,0.936,nominal,OceanGuard-Synth,CC-BY-4.0 (synthetic),train
S1_EVT0004_03,EVT0004,T00035,2026-01-09T04:04:08Z,100.069,37.980894,22.274246,"22.16195,37.88891,22.38654,38.07288",Sentinel-1,GRD,VV+VH,IW,40.0,512,33.89,images\S1_EVT0004_03.npy,masks\S1_EVT0004_03.png,quicklook\S1_EVT0004_03.png,True,True,True,True,True,False,17.1172,9.041,3.092,18.18,True,0.99,False,False,10.443,0.6829,1.0,simulation,0.99,nominal,OceanGuard-Synth,CC-BY-4.0 (synthetic),train
S1_EVT0004_04,EVT0004,T00036,2026-01-09T23:24:42Z,119.412,38.179897,22.274246,"22.16195,38.08791,22.38654,38.27188",Sentinel-1,GRD,VV+VH,IW,40.0,512,34.46,images\S1_EVT0004_04.npy,masks\S1_EVT0004_04.png,quicklook\S1_EVT0004_04.png,True,False,False,True,False,False,0.0,0.0,0.0,0.0,False,0.0,False,False,11.51,0.1999,1.0,simulation,0.923,nominal,OceanGuard-Synth,CC-BY-4.0 (synthetic),train
S1_EVT0004_05,EVT0004,T00037,2026-01-10T14:44:05Z,134.735,38.468045,22.274246,"22.16195,38.37606,22.38654,38.56003",Sentinel-1,GRD,VV+VH,IW,40.0,512,30.81,images\S1_EVT0004_05.npy,masks\S1_EVT0004_05.png,quicklook\S1_EVT0004_05.png,True,False,True,True,False,False,0.0,0.0,0.0,0.0,False,0.0,False,False,10.452,0.0532,1.0,simulation,0.958,nominal,OceanGuard-Synth,CC-BY-4.0 (synthetic),train
S1_EVT0004_06,EVT0004,T00038,2026-01-11T04:40:08Z,148.669,38.501258,22.274246,"22.16195,38.40927,22.38654,38.59324",Sentinel-1,GRD,VV+VH,IW,40.0,512,30.13,images\S1_EVT0004_06.npy,masks\S1_EVT0004_06.png,quicklook\S1_EVT0004_06.png,True,False,False,True,False,False,0.0,0.0,0.0,0.0,False,0.0,False,False,4.211,0.3419,1.0,simulation,0.937,nominal,OceanGuard-Synth,CC-BY-4.0 (synthetic),train
S1_EVT0004_07,EVT0004,T00039,2026-01-11T22:13:06Z,166.218,38.501258,22.274246,"22.16195,38.40927,22.38654,38.59324",Sentinel-1,GRD,VV+VH,IW,40.0,512,44.99,images\S1_EVT0004_07.npy,masks\S1_EVT0004_07.png,quicklook\S1_EVT0004_07.png,True,False,True,True,False,False,0.0,0.0,0.0,0.0,False,0.0,False,False,3.016,0.3619,1.0,simulation,0.891,nominal,OceanGuard-Synth,CC-BY-4.0 (synthetic),train
S1_EVT0004_08,EVT0004,T00040,2026-01-12T11:56:09Z,179.936,38.501258,22.274246,"22.16195,38.40927,22.38654,38.59324",Sentinel-1,GRD,VV+VH,IW,40.0,512,33.48,images\S1_EVT0004_08.npy,masks\S1_EVT0004_08.png,quicklook\S1_EVT0004_08.png,True,False,True,False,False,False,0.0,0.0,0.0,0.0,False,0.0,False,False,8.744,0.4996,1.0,simulation,0.99,nominal,OceanGuard-Synth,CC-BY-4.0 (synthetic),train
S1_EVT0004_09,EVT0004,T00041,2026-01-13T04:58:10Z,196.969,38.501258,22.274246,"22.16195,38.40927,22.38654,38.59324",Sentinel-1,GRD,VV+VH,IW,40.0,512,41.69,images\S1_EVT0004_09.npy,masks\S1_EVT0004_09.png,quicklook\S1_EVT0004_09.png,True,False,True,True,False,False,0.0,0.0,0.0,0.0,False,0.0,False,False,13.089,0.5373,0.691,simulation,0.925,low_contrast,OceanGuard-Synth,CC-BY-4.0 (synthetic),train
S1_EVT0005_00,EVT0005,T00042,2026-01-12T13:31:12Z,181.52,36.936703,19.89461,"19.78231,36.84472,20.00691,37.02869",Sentinel-1,GRD,VV+VH,IW,40.0,512,38.61,images\S1_EVT0005_00.npy,masks\S1_EVT0005_00.png,quicklook\S1_EVT0005_00.png,True,True,True,True,True,False,22.6113,9.336,3.649,135.1,False,0.0,False,False,2.087,0.4711,0.483,simulation,0.863,low_contrast,OceanGuard-Synth,CC-BY-4.0 (synthetic),test
S1_EVT0005_01,EVT0005,T00043,2026-01-13T05:26:45Z,197.446,37.160439,19.679692,"19.56740,37.06845,19.79199,37.25243",Sentinel-1,GRD,VV+VH,IW,40.0,512,42.37,images\S1_EVT0005_01.npy,masks\S1_EVT0005_01.png,quicklook\S1_EVT0005_01.png,True,True,True,True,False,False,50.5626,20.708,4.569,85.69,True,0.873,False,False,1.878,0.7313,0.364,simulation,0.766,low_contrast,OceanGuard-Synth,CC-BY-4.0 (synthetic),test
S1_EVT0005_02,EVT0005,T00044,2026-01-13T20:00:25Z,212.007,37.416016,19.717256,"19.60496,37.32403,19.82955,37.50800",Sentinel-1,GRD,VV+VH,IW,40.0,512,44.37,images\S1_EVT0005_02.npy,masks\S1_EVT0005_02.png,quicklook\S1_EVT0005_02.png,True,True,False,True,False,False,55.5226,16.749,8.768,51.31,True,0.99,False,False,8.454,0.2573,1.0,simulation,0.905,nominal,OceanGuard-Synth,CC-BY-4.0 (synthetic),test
S1_EVT0005_03,EVT0005,T00045,2026-01-14T14:12:40Z,230.211,37.565593,19.900234,"19.78794,37.47361,20.01253,37.65758",Sentinel-1,GRD,VV+VH,IW,40.0,512,35.4,images\S1_EVT0005_03.npy,masks\S1_EVT0005_03.png,quicklook\S1_EVT0005_03.png,True,True,False,True,False,False,57.3795,24.825,4.233,34.96,True,0.99,False,False,10.305,0.9092,1.0,simulation,0.867,nominal,OceanGuard-Synth,CC-BY-4.0 (synthetic),test
S1_EVT0005_04,EVT0005,T00046,2026-01-15T12:50:55Z,252.849,37.788841,19.966999,"19.85470,37.69685,20.07929,37.88083",Sentinel-1,GRD,VV+VH,IW,40.0,512,38.42,images\S1_EVT0005_04.npy,masks\S1_EVT0005_04.png,quicklook\S1_EVT0005_04.png,True,True,True,False,True,False,64.8437,21.63,7.755,33.12,True,0.828,True,False,8.172,0.3984,1.0,simulation,0.979,nominal,OceanGuard-Synth,CC-BY-4.0 (synthetic),test
S1_EVT0005_05,EVT0005,T00047,2026-01-16T05:14:19Z,269.239,38.001014,20.12579,"20.01349,37.90903,20.23809,38.09300",Sentinel-1,GRD,VV+VH,IW,40.0,512,31.4,images\S1_EVT0005_05.npy,masks\S1_EVT0005_05.png,quicklook\S1_EVT0005_05.png,True,True,True,True,False,False,57.8088,27.515,4.652,40.99,True,0.807,True,False,3.651,0.4507,1.0,simulation,0.861,nominal,OceanGuard-Synth,CC-BY-4.0 (synthetic),test
S1_EVT0005_06,EVT0005,T00048,2026-01-16T21:40:17Z,285.672,38.23711,20.019709,"19.90741,38.14512,20.13200,38.32910",Sentinel-1,GRD,VV+VH,IW,40.0,512,43.98,images\S1_EVT0005_06.npy,masks\S1_EVT0005_06.png,quicklook\S1_EVT0005_06.png,True,True,True,True,False,False,65.5035,25.737,5.39,123.95,True,0.99,False,False,7.005,0.2424,1.0,simulation,0.968,nominal,OceanGuard-Synth,CC-BY-4.0 (synthetic),test
S1_EVT0005_07,EVT0005,T00049,2026-01-17T19:34:59Z,307.583,38.317428,20.187974,"20.07568,38.22544,20.30027,38.40941",Sentinel-1,GRD,VV+VH,IW,40.0,512,36.36,images\S1_EVT0005_07.npy,masks\S1_EVT0005_07.png,quicklook\S1_EVT0005_07.png,True,True,True,True,False,False,24.6018,9.417,4.485,28.59,True,0.99,False,False,5.35,0.2261,1.0,simulation,0.99,nominal,OceanGuard-Synth,CC-BY-4.0 (synthetic),test
S1_EVT0005_08,EVT0005,T00050,2026-01-18T13:27:56Z,325.466,38.346266,20.117604,"20.00531,38.25428,20.22990,38.43825",Sentinel-1,GRD,VV+VH,IW,40.0,512,41.46,images\S1_EVT0005_08.npy,masks\S1_EVT0005_08.png,quicklook\S1_EVT0005_08.png,True,True,True,True,True,False,20.0015,7.91,4.255,171.94,True,0.52,True,False,1.23,0.4049,0.15,simulation,0.865,low_contrast,OceanGuard-Synth,CC-BY-4.0 (synthetic),test
S1_EVT0005_09,EVT0005,T00051,2026-01-19T02:38:30Z,338.642,38.498882,20.35606,"20.24376,38.40689,20.46836,38.59087",Sentinel-1,GRD,VV+VH,IW,40.0,512,39.23,images\S1_EVT0005_09.npy,masks\S1_EVT0005_09.png,quicklook\S1_EVT0005_09.png,True,True,True,True,False,False,31.2742,11.801,4.434,10.32,True,0.99,False,True,6.656,0.6242,1.0,simulation,0.99,nominal,OceanGuard-Synth,CC-BY-4.0 (synthetic),test
S1_EVT0006_00,EVT0006,T00052,2026-01-06T14:04:23Z,38.073,35.80207,21.816192,"21.70390,35.71008,21.92849,35.89406",Sentinel-1,GRD,VV+VH,IW,40.0,512,40.66,images\S1_EVT0006_00.npy,masks\S1_EVT0006_00.png,quicklook\S1_EVT0006_00.png,True,True,True,True,False,False,11.805,5.724,2.644,61.86,True,0.99,False,False,3.627,0.6,1.0,simulation,0.885,nominal,OceanGuard-Synth,CC-BY-4.0 (synthetic),test
S1_EVT0006_01,EVT0006,T00053,2026-01-07T11:14:04Z,59.234,36.064361,21.962147,"21.84985,35.97237,22.07444,36.15635",Sentinel-1,GRD,VV+VH,IW,40.0,512,44.91,images\S1_EVT0006_01.npy,masks\S1_EVT0006_01.png,quicklook\S1_EVT0006_01.png,True,True,True,True,False,False,30.206,10.134,4.523,32.0,True,0.99,False,False,6.267,0.0271,1.0,simulation,0.914,nominal,OceanGuard-Synth,CC-BY-4.0 (synthetic),test
S1_EVT0006_02,EVT0006,T00054,2026-01-08T04:39:11Z,76.653,36.177744,22.053085,"21.94079,36.08576,22.16538,36.26973",Sentinel-1,GRD,VV+VH,IW,40.0,512,37.99,images\S1_EVT0006_02.npy,masks\S1_EVT0006_02.png,quicklook\S1_EVT0006_02.png,True,True,False,True,False,False,51.607,22.444,4.314,42.58,True,0.879,False,True,5.995,0.7906,1.0,simulation,0.99,nominal,OceanGuard-Synth,CC-BY-4.0 (synthetic),test
S1_EVT0006_03,EVT0006,T00055,2026-01-08T19:00:03Z,91.001,36.405571,22.154366,"22.04207,36.31358,22.26666,36.49756",Sentinel-1,GRD,VV+VH,IW,40.0,512,32.39,images\S1_EVT0006_03.npy,masks\S1_EVT0006_03.png,quicklook\S1_EVT0006_03.png,True,True,True,True,False,False,38.2731,14.493,4.598,32.77,False,0.0,False,False,3.677,0.4493,1.0,simulation,0.924,nominal,OceanGuard-Synth,CC-BY-4.0 (synthetic),test
S1_EVT0006_04,EVT0006,T00056,2026-01-09T16:57:18Z,112.955,36.54695,22.231513,"22.11922,36.45496,22.34381,36.63894",Sentinel-1,GRD,VV+VH,IW,40.0,512,31.96,images\S1_EVT0006_04.npy,masks\S1_EVT0006_04.png,quicklook\S1_EVT0006_04.png,True,True,True,True,True,False,50.4918,18.743,5.242,10.32,True,0.99,False,False,4.71,0.7261,1.0,simulation,0.954,nominal,OceanGuard-Synth,CC-BY-4.0 (synthetic),test
S1_EVT0006_05,EVT0006,T00057,2026-01-10T11:03:46Z,131.063,36.896737,22.274246,"22.16195,36.80475,22.38654,36.98872",Sentinel-1,GRD,VV+VH,IW,40.0,512,32.6,images\S1_EVT0006_05.npy,masks\S1_EVT0006_05.png,quicklook\S1_EVT0006_05.png,True,True,True,True,False,False,1.8722,3.192,1.492,90.0,True,0.868,False,False,2.161,0.4736,0.525,simulation,0.96,low_contrast,OceanGuard-Synth,CC-BY-4.0 (synthetic),test
S1_EVT0006_06,EVT0006,T00058,2026-01-11T05:06:35Z,149.11,36.985642,22.274246,"22.16195,36.89365,22.38654,37.07763",Sentinel-1,GRD,VV+VH,IW,40.0,512,36.12,images\S1_EVT0006_06.npy,masks\S1_EVT0006_06.png,quicklook\S1_EVT0006_06.png,True,True,True,True,False,False,26.3107,11.217,4.069,7.43,True,0.99,False,False,4.065,0.1228,1.0,simulation,0.977,nominal,OceanGuard-Synth,CC-BY-4.0 (synthetic),test
S1_EVT0006_07,EVT0006,T00059,2026-01-11T23:49:06Z,167.819,37.236327,22.274246,"22.16195,37.14434,22.38654,37.32831",Sentinel-1,GRD,VV+VH,IW,40.0,512,35.44,images\S1_EVT0006_07.npy,masks\S1_EVT0006_07.png,quicklook\S1_EVT0006_07.png,True,False,False,True,False,False,0.0,0.0,0.0,0.0,False,0.0,False,False,7.251,0.2388,1.0,simulation,0.967,nominal,OceanGuard-Synth,CC-BY-4.0 (synthetic),test
S1_EVT0006_08,EVT0006,T00060,2026-01-12T15:36:50Z,183.614,37.276544,22.274246,"22.16195,37.18456,22.38654,37.36853",Sentinel-1,GRD,VV+VH,IW,40.0,512,33.54,images\S1_EVT0006_08.npy,masks\S1_EVT0006_08.png,quicklook\S1_EVT0006_08.png,True,True,True,True,False,False,15.4461,9.168,3.955,150.52,True,0.99,False,False,3.005,0.5688,1.0,simulation,0.954,nominal,OceanGuard-Synth,CC-BY-4.0 (synthetic),test
S1_EVT0007_00,EVT0007,T00061,2026-01-12T16:37:50Z,184.631,37.079436,18.483284,"18.37099,36.98745,18.59558,37.17142",Sentinel-1,GRD,VV+VH,IW,40.0,512,44.63,images\S1_EVT0007_00.npy,masks\S1_EVT0007_00.png,quicklook\S1_EVT0007_00.png,True,False,True,True,True,True,0.0,0.0,0.0,0.0,False,0.0,False,False,0.725,0.7331,0.15,simulation,0.804,low_contrast,OceanGuard-Synth,CC-BY-4.0 (synthetic),train
S1_EVT0007_01,EVT0007,T00062,2026-01-13T04:48:25Z,196.807,37.686097,18.374456,"18.26216,37.59411,18.48675,37.77808",Sentinel-1,GRD,VV+VH,IW,40.0,512,30.59,images\S1_EVT0007_01.npy,masks\S1_EVT0007_01.png,quicklook\S1_EVT0007_01.png,True,True,True,True,False,False,5.4028,3.097,2.348,98.9,True,0.99,False,True,5.557,0.3901,1.0,simulation,0.953,nominal,OceanGuard-Synth,CC-BY-4.0 (synthetic),train
S1_EVT0007_02,EVT0007,T00063,2026-01-14T02:37:20Z,218.622,38.118565,18.315241,"18.20295,38.02658,18.42754,38.21055",Sentinel-1,GRD,VV+VH,IW,40.0,512,43.45,images\S1_EVT0007_02.npy,masks\S1_EVT0007_02.png,quicklook\S1_EVT0007_02.png,True,True,True,False,False,False,31.6529,13.278,3.887,52.5,True,0.941,False,False,2.555,0.6368,0.748,simulation,0.873,nominal,OceanGuard-Synth,CC-BY-4.0 (synthetic),train
S1_EVT0007_03,EVT0007,T00064,2026-01-14T23:34:26Z,239.574,38.267674,18.144215,"18.03192,38.17569,18.25651,38.35966",Sentinel-1,GRD,VV+VH,IW,40.0,512,35.72,images\S1_EVT0007_03.npy,masks\S1_EVT0007_03.png,quicklook\S1_EVT0007_03.png,True,True,False,True,True,False,57.0123,19.215,4.534,1.17,True,0.99,False,False,6.328,0.222,1.0,simulation,0.99,nominal,OceanGuard-Synth,CC-BY-4.0 (synthetic),train
S1_EVT0007_04,EVT0007,T00065,2026-01-15T16:02:15Z,256.038,38.314129,18.114732,"18.00244,38.22214,18.22703,38.40612",Sentinel-1,GRD,VV+VH,IW,40.0,512,38.25,images\S1_EVT0007_04.npy,masks\S1_EVT0007_04.png,quicklook\S1_EVT0007_04.png,True,True,True,True,False,False,45.9477,20.335,3.73,9.02,True,0.763,True,True,3.033,0.2789,1.0,simulation,0.903,nominal,OceanGuard-Synth,CC-BY-4.0 (synthetic),train
S1_EVT0007_05,EVT0007,T00066,2026-01-16T05:25:58Z,269.433,38.408811,18.159879,"18.04758,38.31682,18.27217,38.50080",Sentinel-1,GRD,VV+VH,IW,40.0,512,40.29,images\S1_EVT0007_05.npy,masks\S1_EVT0007_05.png,quicklook\S1_EVT0007_05.png,True,True,True,True,False,False,54.3237,19.481,4.878,7.17,False,0.0,False,False,2.992,0.159,0.995,simulation,0.98,nominal,OceanGuard-Synth,CC-BY-4.0 (synthetic),train
S1_EVT0007_06,EVT0007,T00067,2026-01-16T20:32:17Z,284.538,38.419632,18.355832,"18.24354,38.32765,18.46813,38.51162",Sentinel-1,GRD,VV+VH,IW,40.0,512,30.55,images\S1_EVT0007_06.npy,masks\S1_EVT0007_06.png,quicklook\S1_EVT0007_06.png,True,True,True,True,False,False,48.8862,20.786,4.331,35.3,True,0.732,True,True,3.895,0.6759,1.0,simulation,0.961,nominal,OceanGuard-Synth,CC-BY-4.0 (synthetic),train
S1_EVT0007_07,EVT0007,T00068,2026-01-17T11:23:01Z,299.384,38.501258,18.404061,"18.29177,38.40927,18.51636,38.59324",Sentinel-1,GRD,VV+VH,IW,40.0,512,33.48,images\S1_EVT0007_07.npy,masks\S1_EVT0007_07.png,quicklook\S1_EVT0007_07.png,True,False,False,True,False,False,0.0,0.0,0.0,0.0,False,0.0,False,False,4.441,0.4292,1.0,simulation,0.975,nominal,OceanGuard-Synth,CC-BY-4.0 (synthetic),train
S1_EVT0007_08,EVT0007,T00069,2026-01-18T02:24:42Z,314.412,38.501258,18.353925,"18.24163,38.40927,18.46622,38.59324",Sentinel-1,GRD,VV+VH,IW,40.0,512,33.07,images\S1_EVT0007_08.npy,masks\S1_EVT0007_08.png,quicklook\S1_EVT0007_08.png,True,False,True,True,False,False,0.0,0.0,0.0,0.0,False,0.0,False,False,8.152,0.5911,1.0,simulation,0.946,nominal,OceanGuard-Synth,CC-BY-4.0 (synthetic),train
S1_EVT0007_09,EVT0007,T00070,2026-01-18T23:38:56Z,335.649,38.501258,18.546237,"18.43394,38.40927,18.65853,38.59324",Sentinel-1,GRD,VV+VH,IW,40.0,512,42.85,images\S1_EVT0007_09.npy,masks\S1_EVT0007_09.png,quicklook\S1_EVT0007_09.png,True,False,False,False,False,False,0.0,0.0,0.0,0.0,False,0.0,False,False,6.704,0.2751,1.0,simulation,0.99,nominal,OceanGuard-Synth,CC-BY-4.0 (synthetic),train
S1_EVT0007_10,EVT0007,T00071,2026-01-19T15:14:08Z,351.236,38.501258,18.494627,"18.38233,38.40927,18.60692,38.59324",Sentinel-1,GRD,VV+VH,IW,40.0,512,39.61,images\S1_EVT0007_10.npy,masks\S1_EVT0007_10.png,quicklook\S1_EVT0007_10.png,True,False,False,True,False,False,0.0,0.0,0.0,0.0,False,0.0,False,False,4.451,0.3084,1.0,simulation,0.947,nominal,OceanGuard-Synth,CC-BY-4.0 (synthetic),train
S1_EVT0008_00,EVT0008,T00072,2026-01-11T09:04:06Z,153.069,37.281987,19.80436,"19.69206,37.19000,19.91666,37.37397",Sentinel-1,GRD,VV+VH,IW,40.0,512,41.8,images\S1_EVT0008_00.npy,masks\S1_EVT0008_00.png,quicklook\S1_EVT0008_00.png,True,True,False,True,True,False,21.3717,7.456,4.278,49.69,True,0.99,False,False,8.776,0.3087,1.0,simulation,0.905,nominal,OceanGuard-Synth,CC-BY-4.0 (synthetic),val
S1_EVT0008_01,EVT0008,T00073,2026-01-12T03:40:53Z,171.681,37.283031,19.682806,"19.57051,37.19104,19.79510,37.37502",Sentinel-1,GRD,VV+VH,IW,40.0,512,32.63,images\S1_EVT0008_01.npy,masks\S1_EVT0008_01.png,quicklook\S1_EVT0008_01.png,True,True,True,True,False,False,22.2415,9.276,4.005,149.69,True,0.936,False,True,3.449,0.1165,1.0,simulation,0.947,nominal,OceanGuard-Synth,CC-BY-4.0 (synthetic),val
S1_EVT0008_02,EVT0008,T00074,2026-01-12T21:10:16Z,189.171,37.270578,19.773509,"19.66121,37.17859,19.88580,37.36257",Sentinel-1,GRD,VV+VH,IW,40.0,512,32.57,images\S1_EVT0008_02.npy,masks\S1_EVT0008_02.png,quicklook\S1_EVT0008_02.png,True,True,True,True,False,False,25.717,13.137,3.276,179.56,True,0.99,False,False,11.248,0.6055,1.0,simulation,0.933,nominal,OceanGuard-Synth,CC-BY-4.0 (synthetic),val
S1_EVT0008_03,EVT0008,T00075,2026-01-13T18:17:26Z,210.291,37.49449,19.999049,"19.88675,37.40250,20.11134,37.58648",Sentinel-1,GRD,VV+VH,IW,40.0,512,30.3,images\S1_EVT0008_03.npy,masks\S1_EVT0008_03.png,quicklook\S1_EVT0008_03.png,True,True,True,True,False,False,61.8835,15.168,7.414,19.39,True,0.99,False,False,3.749,0.6812,1.0,simulation,0.926,nominal,OceanGuard-Synth,CC-BY-4.0 (synthetic),val
S1_EVT0008_04,EVT0008,T00076,2026-01-14T15:44:00Z,231.734,37.79719,20.258445,"20.14615,37.70520,20.37074,37.88918",Sentinel-1,GRD,VV+VH,IW,40.0,512,44.22,images\S1_EVT0008_04.npy,masks\S1_EVT0008_04.png,quicklook\S1_EVT0008_04.png,True,True,False,True,False,False,37.218,15.644,4.039,30.38,True,0.99,False,False,3.472,0.5129,1.0,simulation,0.99,nominal,OceanGuard-Synth,CC-BY-4.0 (synthetic),val
S1_EVT0008_05,EVT0008,T00077,2026-01-15T14:38:06Z,254.635,38.071631,20.45726,"20.34496,37.97964,20.56956,38.16362",Sentinel-1,GRD,VV+VH,IW,40.0,512,42.5,images\S1_EVT0008_05.npy,masks\S1_EVT0008_05.png,quicklook\S1_EVT0008_05.png,True,True,True,True,True,False,26.6253,9.412,5.573,34.14,True,0.745,True,False,5.398,0.5671,1.0,simulation,0.912,nominal,OceanGuard-Synth,CC-BY-4.0 (synthetic),val
S1_EVT0008_06,EVT0008,T00078,2026-01-16T08:09:36Z,272.16,38.254429,20.501985,"20.38969,38.16244,20.61428,38.34642",Sentinel-1,GRD,VV+VH,IW,40.0,512,44.77,images\S1_EVT0008_06.npy,masks\S1_EVT0008_06.png,quicklook\S1_EVT0008_06.png,True,True,True,True,False,False,44.5709,15.92,4.344,8.17,False,0.0,False,False,7.915,0.1003,1.0,simulation,0.898,nominal,OceanGuard-Synth,CC-BY-4.0 (synthetic),val
S1_EVT0008_07,EVT0008,T00079,2026-01-17T02:43:03Z,290.718,38.20973,20.262837,"20.15054,38.11774,20.37513,38.30172",Sentinel-1,GRD,VV+VH,IW,40.0,512,37.1,images\S1_EVT0008_07.npy,masks\S1_EVT0008_07.png,quicklook\S1_EVT0008_07.png,True,True,False,True,False,False,39.3883,20.568,3.17,176.99,True,0.99,False,False,8.857,0.3185,1.0,simulation,0.928,nominal,OceanGuard-Synth,CC-BY-4.0 (synthetic),val
S1_EVT0008_08,EVT0008,T00080,2026-01-17T23:24:55Z,311.415,38.269955,20.137966,"20.02567,38.17797,20.25026,38.36194",Sentinel-1,GRD,VV+VH,IW,40.0,512,36.53,images\S1_EVT0008_08.npy,masks\S1_EVT0008_08.png,quicklook\S1_EVT0008_08.png,True,True,False,True,False,False,37.0442,15.627,4.266,150.2,False,0.0,False,False,2.623,0.2734,0.786,simulation,0.922,nominal,OceanGuard-Synth,CC-BY-4.0 (synthetic),val
S1_EVT0009_00,EVT0009,T00081,2026-01-06T03:53:25Z,27.89,35.778346,21.766463,"21.65417,35.68636,21.87876,35.87033",Sentinel-1,GRD,VV+VH,IW,40.0,512,41.83,images\S1_EVT0009_00.npy,masks\S1_EVT0009_00.png,quicklook\S1_EVT0009_00.png,True,False,True,True,False,True,0.0,0.0,0.0,0.0,False,0.0,False,False,2.947,0.2784,0.97,simulation,0.971,nominal,OceanGuard-Synth,CC-BY-4.0 (synthetic),test
S1_EVT0009_01,EVT0009,T00082,2026-01-06T21:07:13Z,45.12,37.356657,20.345659,"20.23336,37.26467,20.45795,37.44864",Sentinel-1,GRD,VV+VH,IW,40.0,512,35.73,images\S1_EVT0009_01.npy,masks\S1_EVT0009_01.png,quicklook\S1_EVT0009_01.png,True,True,True,False,False,False,7.5917,4.463,2.265,39.73,True,0.99,False,False,6.077,0.4671,1.0,simulation,0.958,nominal,OceanGuard-Synth,CC-BY-4.0 (synthetic),test
S1_EVT0009_02,EVT0009,T00083,2026-01-07T15:58:32Z,63.976,37.602586,20.581056,"20.46876,37.51060,20.69335,37.69457",Sentinel-1,GRD,VV+VH,IW,40.0,512,34.0,images\S1_EVT0009_02.npy,masks\S1_EVT0009_02.png,quicklook\S1_EVT0009_02.png,True,True,False,True,False,False,18.0211,7.725,3.415,13.79,True,0.935,False,True,4.25,0.6246,1.0,simulation,0.985,nominal,OceanGuard-Synth,CC-BY-4.0 (synthetic),test
S1_EVT0009_03,EVT0009,T00084,2026-01-08T07:34:31Z,79.575,37.779075,20.816078,"20.70378,37.68709,20.92837,37.87106",Sentinel-1,GRD,VV+VH,IW,40.0,512,40.9,images\S1_EVT0009_03.npy,masks\S1_EVT0009_03.png,quicklook\S1_EVT0009_03.png,True,True,False,True,False,False,33.9561,10.717,4.702,46.17,False,0.0,False,False,8.582,0.5204,1.0,simulation,0.91,nominal,OceanGuard-Synth,CC-BY-4.0 (synthetic),test
S1_EVT0009_04,EVT0009,T00085,2026-01-09T01:11:31Z,97.192,37.948275,20.936883,"20.82459,37.85629,21.04918,38.04026",Sentinel-1,GRD,VV+VH,IW,40.0,512,33.71,images\S1_EVT0009_04.npy,masks\S1_EVT0009_04.png,quicklook\S1_EVT0009_04.png,True,True,True,True,False,False,29.2286,11.815,3.608,27.98,True,0.99,False,False,5.622,0.6387,1.0,simulation,0.965,nominal,OceanGuard-Synth,CC-BY-4.0 (synthetic),test
S1_EVT0009_05,EVT0009,T00086,2026-01-09T23:46:21Z,119.773,38.447778,20.859594,"20.74730,38.35579,20.97189,38.53977",Sentinel-1,GRD,VV+VH,IW,40.0,512,42.74,images\S1_EVT0009_05.npy,masks\S1_EVT0009_05.png,quicklook\S1_EVT0009_05.png,True,True,True,True,False,False,46.5401,17.392,4.834,118.75,True,0.666,True,True,11.482,0.7072,1.0,simulation,0.99,nominal,OceanGuard-Synth,CC-BY-4.0 (synthetic),test
S1_EVT0009_06,EVT0009,T00087,2026-01-10T22:29:54Z,142.498,38.501258,20.563354,"20.45106,38.40927,20.67565,38.59324",Sentinel-1,GRD,VV+VH,IW,40.0,512,44.15,images\S1_EVT0009_06.npy,masks\S1_EVT0009_06.png,quicklook\S1_EVT0009_06.png,True,False,True,True,False,False,0.0,0.0,0.0,0.0,False,0.0,False,False,7.963,0.149,1.0,simulation,0.94,nominal,OceanGuard-Synth,CC-BY-4.0 (synthetic),test
S1_EVT0009_07,EVT0009,T00088,2026-01-11T15:46:23Z,159.773,38.501258,20.643114,"20.53082,38.40927,20.75541,38.59324",Sentinel-1,GRD,VV+VH,IW,40.0,512,34.98,images\S1_EVT0009_07.npy,masks\S1_EVT0009_07.png,quicklook\S1_EVT0009_07.png,True,False,True,True,False,False,0.0,0.0,0.0,0.0,False,0.0,False,False,0.542,0.3025,0.15,simulation,0.742,low_contrast,OceanGuard-Synth,CC-BY-4.0 (synthetic),test
S1_EVT0009_08,EVT0009,T00089,2026-01-12T09:19:12Z,177.32,38.501258,20.839958,"20.72766,38.40927,20.95225,38.59324",Sentinel-1,GRD,VV+VH,IW,40.0,512,37.79,images\S1_EVT0009_08.npy,masks\S1_EVT0009_08.png,quicklook\S1_EVT0009_08.png,True,False,True,False,True,False,0.0,0.0,0.0,0.0,False,0.0,False,False,6.235,0.5274,1.0,simulation,0.938,nominal,OceanGuard-Synth,CC-BY-4.0 (synthetic),test
S1_EVT0009_09,EVT0009,T00090,2026-01-12T23:52:15Z,191.871,38.501258,21.015745,"20.90345,38.40927,21.12804,38.59324",Sentinel-1,GRD,VV+VH,IW,40.0,512,30.33,images\S1_EVT0009_09.npy,masks\S1_EVT0009_09.png,quicklook\S1_EVT0009_09.png,True,False,True,True,False,False,0.0,0.0,0.0,0.0,False,0.0,False,False,11.404,0.2175,1.0,simulation,0.946,nominal,OceanGuard-Synth,CC-BY-4.0 (synthetic),test
S1_EVT0009_10,EVT0009,T00091,2026-01-13T15:46:10Z,207.77,38.501258,21.104755,"20.99246,38.40927,21.21705,38.59324",Sentinel-1,GRD,VV+VH,IW,40.0,512,35.78,images\S1_EVT0009_10.npy,masks\S1_EVT0009_10.png,quicklook\S1_EVT0009_10.png,True,False,True,True,True,False,0.0,0.0,0.0,0.0,False,0.0,False,False,7.638,0.4031,1.0,simulation,0.987,nominal,OceanGuard-Synth,CC-BY-4.0 (synthetic),test
S1_EVT0010_00,EVT0010,T00092,2026-01-05T18:05:40Z,18.095,36.524113,18.27355,"18.16125,36.43213,18.38585,36.61610",Sentinel-1,GRD,VV+VH,IW,40.0,512,43.81,images\S1_EVT0010_00.npy,masks\S1_EVT0010_00.png,quicklook\S1_EVT0010_00.png,True,False,True,True,False,True,0.0,0.0,0.0,0.0,False,0.0,False,False,2.92,0.5488,0.955,simulation,0.99,nominal,OceanGuard-Synth,CC-BY-4.0 (synthetic),train
S1_EVT0010_01,EVT0010,T00093,2026-01-06T10:08:48Z,34.147,36.400896,21.160203,"21.04791,36.30891,21.27250,36.49288",Sentinel-1,GRD,VV+VH,IW,40.0,512,39.84,images\S1_EVT0010_01.npy,masks\S1_EVT0010_01.png,quicklook\S1_EVT0010_01.png,True,True,False,True,False,False,4.9761,3.094,2.312,126.06,False,0.0,False,False,1.906,0.5219,0.38,simulation,0.848,low_contrast,OceanGuard-Synth,CC-BY-4.0 (synthetic),train
S1_EVT0010_02,EVT0010,T00094,2026-01-07T02:42:44Z,50.712,36.562208,21.368317,"21.25602,36.47022,21.48061,36.65419",Sentinel-1,GRD,VV+VH,IW,40.0,512,43.29,images\S1_EVT0010_02.npy,masks\S1_EVT0010_02.png,quicklook\S1_EVT0010_02.png,True,True,False,False,True,False,18.9556,7.321,4.041,166.83,True,0.99,False,False,6.4,0.067,1.0,simulation,0.99,nominal,OceanGuard-Synth,CC-BY-4.0 (synthetic),train
S1_EVT0010_03,EVT0010,T00095,2026-01-07T20:51:16Z,68.854,36.487976,21.47841,"21.36611,36.39599,21.59071,36.57996",Sentinel-1,GRD,VV+VH,IW,40.0,512,36.81,images\S1_EVT0010_03.npy,masks\S1_EVT0010_03.png,quicklook\S1_EVT0010_03.png,True,True,True,True,False,False,33.5447,13.796,4.801,3.91,True,0.99,False,False,3.994,0.4443,1.0,simulation,0.935,nominal,OceanGuard-Synth,CC-BY-4.0 (synthetic),train
S1_EVT0010_04,EVT0010,T00096,2026-01-08T19:12:39Z,91.211,36.830575,21.631158,"21.51886,36.73859,21.74345,36.92256",Sentinel-1,GRD,VV+VH,IW,40.0,512,43.3,images\S1_EVT0010_04.npy,masks\S1_EVT0010_04.png,quicklook\S1_EVT0010_04.png,True,True,True,True,False,False,57.1562,22.25,4.458,59.78,True,0.99,False,False,5.924,0.5111,1.0,simulation,0.988,nominal,OceanGuard-Synth,CC-BY-4.0 (synthetic),train
S1_EVT0010_05,EVT0010,T00097,2026-01-09T13:21:25Z,109.357,37.135807,21.915511,"21.80322,37.04382,22.02781,37.22779",Sentinel-1,GRD,VV+VH,IW,40.0,512,43.44,images\S1_EVT0010_05.npy,masks\S1_EVT0010_05.png,quicklook\S1_EVT0010_05.png,True,True,True,False,False,False,34.1224,13.905,3.801,31.76,True,0.876,True,False,8.11,0.957,1.0,simulation,0.901,nominal,OceanGuard-Synth,CC-BY-4.0 (synthetic),train
S1_EVT0010_06,EVT0010,T00098,2026-01-10T04:54:27Z,124.908,37.315401,21.920995,"21.80870,37.22341,22.03329,37.40739",Sentinel-1,GRD,VV+VH,IW,40.0,512,41.11,images\S1_EVT0010_06.npy,masks\S1_EVT0010_06.png,quicklook\S1_EVT0010_06.png,True,True,False,True,False,False,37.2254,14.7,4.886,23.6,True,0.943,False,True,10.657,0.4863,1.0,simulation,0.971,nominal,OceanGuard-Synth,CC-BY-4.0 (synthetic),train
S1_EVT0010_07,EVT0010,T00099,2026-01-11T01:03:17Z,145.055,37.412102,21.995163,"21.88287,37.32011,22.10746,37.50409",Sentinel-1,GRD,VV+VH,IW,40.0,512,42.23,images\S1_EVT0010_07.npy,masks\S1_EVT0010_07.png,quicklook\S1_EVT0010_07.png,True,True,False,True,True,False,40.4933,19.57,3.681,15.92,True,0.99,False,False,8.017,0.5125,1.0,simulation,0.954,nominal,OceanGuard-Synth,CC-BY-4.0 (synthetic),train
S1_EVT0010_08,EVT0010,T00100,2026-01-11T17:56:09Z,161.936,37.493186,22.034679,"21.92238,37.40120,22.14697,37.58517",Sentinel-1,GRD,VV+VH,IW,40.0,512,31.83,images\S1_EVT0010_08.npy,masks\S1_EVT0010_08.png,quicklook\S1_EVT0010_08.png,True,True,True,True,False,False,63.1591,22.614,5.204,21.85,False,0.0,False,False,8.239,0.1741,1.0,simulation,0.934,nominal,OceanGuard-Synth,CC-BY-4.0 (synthetic),train
S1_EVT0010_09,EVT0010,T00101,2026-01-12T09:04:54Z,177.082,37.715268,22.149843,"22.03755,37.62328,22.26214,37.80725",Sentinel-1,GRD,VV+VH,IW,40.0,512,34.79,images\S1_EVT0010_09.npy,masks\S1_EVT0010_09.png,quicklook\S1_EVT0010_09.png,True,True,False,True,False,False,45.4008,22.582,5.48,65.62,True,0.99,False,False,5.595,0.5747,1.0,simulation,0.929,nominal,OceanGuard-Synth,CC-BY-4.0 (synthetic),train
S1_EVT0010_10,EVT0010,T00102,2026-01-12T22:08:39Z,190.144,37.837836,22.171896,"22.05960,37.74585,22.28419,37.92982",Sentinel-1,GRD,VV+VH,IW,40.0,512,40.41,images\S1_EVT0010_10.npy,masks\S1_EVT0010_10.png,quicklook\S1_EVT0010_10.png,True,True,True,True,False,False,39.1387,17.246,5.089,48.99,False,0.0,False,False,5.688,0.4073,1.0,simulation,0.96,nominal,OceanGuard-Synth,CC-BY-4.0 (synthetic),train
S1_EVT0011_00,EVT0011,T00103,2026-01-08T13:23:16Z,85.388,37.745661,19.619815,"19.50752,37.65367,19.73211,37.83765",Sentinel-1,GRD,VV+VH,IW,40.0,512,40.57,images\S1_EVT0011_00.npy,masks\S1_EVT0011_00.png,quicklook\S1_EVT0011_00.png,True,True,True,True,False,False,25.6643,8.04,4.665,147.87,True,0.929,False,False,2.376,0.5702,0.647,simulation,0.854,low_contrast,OceanGuard-Synth,CC-BY-4.0 (synthetic),train
S1_EVT0011_01,EVT0011,T00104,2026-01-09T02:49:40Z,98.828,37.978821,19.613209,"19.50091,37.88683,19.72550,38.07081",Sentinel-1,GRD,VV+VH,IW,40.0,512,44.94,images\S1_EVT0011_01.npy,masks\S1_EVT0011_01.png,quicklook\S1_EVT0011_01.png,True,True,True,True,False,False,26.6777,9.683,4.329,23.27,True,0.99,False,False,6.15,0.6521,1.0,simulation,0.951,nominal,OceanGuard-Synth,CC-BY-4.0 (synthetic),train
S1_EVT0011_02,EVT0011,T00105,2026-01-10T00:11:50Z,120.197,38.030367,19.484388,"19.37209,37.93838,19.59668,38.12235",Sentinel-1,GRD,VV+VH,IW,40.0,512,38.54,images\S1_EVT0011_02.npy,masks\S1_EVT0011_02.png,quicklook\S1_EVT0011_02.png,True,True,False,True,False,False,63.8078,22.932,5.53,20.9,True,0.84,False,True,2.934,0.298,0.962,simulation,0.91,nominal,OceanGuard-Synth,CC-BY-4.0 (synthetic),train
S1_EVT0011_03,EVT0011,T00106,2026-01-10T17:31:00Z,137.517,38.268549,19.602536,"19.49024,38.17656,19.71483,38.36054",Sentinel-1,GRD,VV+VH,IW,40.0,512,38.39,images\S1_EVT0011_03.npy,masks\S1_EVT0011_03.png,quicklook\S1_EVT0011_03.png,True,True,True,True,False,False,54.9343,26.155,4.223,42.54,True,0.99,False,False,5.93,0.5646,1.0,simulation,0.937,nominal,OceanGuard-Synth,CC-BY-4.0 (synthetic),train
S1_EVT0011_04,EVT0011,T00107,2026-01-11T07:16:43Z,151.279,38.328377,19.513572,"19.40128,38.23639,19.62587,38.42036",Sentinel-1,GRD,VV+VH,IW,40.0,512,33.95,images\S1_EVT0011_04.npy,masks\S1_EVT0011_04.png,quicklook\S1_EVT0011_04.png,True,True,False,False,True,False,51.0989,17.306,6.795,11.59,True,0.99,False,False,8.888,0.2083,1.0,simulation,0.92,nominal,OceanGuard-Synth,CC-BY-4.0 (synthetic),train
S1_EVT0011_05,EVT0011,T00108,2026-01-11T21:33:54Z,165.565,38.378845,19.702653,"19.59036,38.28686,19.81495,38.47083",Sentinel-1,GRD,VV+VH,IW,40.0,512,43.09,images\S1_EVT0011_05.npy,masks\S1_EVT0011_05.png,quicklook\S1_EVT0011_05.png,True,True,False,False,True,False,37.2019,16.229,3.434,13.38,True,0.99,False,False,7.421,0.4896,1.0,simulation,0.99,nominal,OceanGuard-Synth,CC-BY-4.0 (synthetic),train
S1_EVT0011_06,EVT0011,T00109,2026-01-12T20:17:24Z,188.29,38.501258,19.931026,"19.81873,38.40927,20.04332,38.59324",Sentinel-1,GRD,VV+VH,IW,40.0,512,38.61,images\S1_EVT0011_06.npy,masks\S1_EVT0011_06.png,quicklook\S1_EVT0011_06.png,True,False,True,True,False,False,0.0,0.0,0.0,0.0,False,0.0,False,False,2.172,0.4915,0.531,simulation,0.859,low_contrast,OceanGuard-Synth,CC-BY-4.0 (synthetic),train
S1_EVT0011_07,EVT0011,T00110,2026-01-13T10:18:39Z,202.311,38.501258,20.089343,"19.97705,38.40927,20.20164,38.59324",Sentinel-1,GRD,VV+VH,IW,40.0,512,32.03,images\S1_EVT0011_07.npy,masks\S1_EVT0011_07.png,quicklook\S1_EVT0011_07.png,True,False,True,True,False,False,0.0,0.0,0.0,0.0,False,0.0,False,False,6.947,0.3038,1.0,simulation,0.864,nominal,OceanGuard-Synth,CC-BY-4.0 (synthetic),train
S1_EVT0011_08,EVT0011,T00111,2026-01-14T09:17:51Z,225.298,38.501258,20.233684,"20.12139,38.40927,20.34598,38.59324",Sentinel-1,GRD,VV+VH,IW,40.0,512,32.76,images\S1_EVT0011_08.npy,masks\S1_EVT0011_08.png,quicklook\S1_EVT0011_08.png,True,False,False,True,False,False,0.0,0.0,0.0,0.0,False,0.0,False,False,7.561,0.3369,1.0,simulation,0.965,nominal,OceanGuard-Synth,CC-BY-4.0 (synthetic),train
S1_EVT0012_00,EVT0012,T00112,2026-01-12T10:44:24Z,178.74,37.976445,22.204254,"22.09196,37.88446,22.31655,38.06843",Sentinel-1,GRD,VV+VH,IW,40.0,512,36.5,images\S1_EVT0012_00.npy,masks\S1_EVT0012_00.png,quicklook\S1_EVT0012_00.png,True,False,True,False,True,True,0.0,0.0,0.0,0.0,False,0.0,False,False,11.188,0.525,1.0,simulation,0.928,nominal,OceanGuard-Synth,CC-BY-4.0 (synthetic),train
S1_EVT0012_01,EVT0012,T00113,2026-01-13T04:42:15Z,196.704,35.657413,21.634576,"21.52228,35.56543,21.74687,35.74940",Sentinel-1,GRD,VV+VH,IW,40.0,512,42.53,images\S1_EVT0012_01.npy,masks\S1_EVT0012_01.png,quicklook\S1_EVT0012_01.png,True,True,True,False,False,False,17.697,6.04,4.387,142.96,True,0.99,False,False,4.431,0.1661,1.0,simulation,0.978,nominal,OceanGuard-Synth,CC-BY-4.0 (synthetic),train
S1_EVT0012_02,EVT0012,T00114,2026-01-14T02:09:38Z,218.161,35.641853,21.859158,"21.74686,35.54987,21.97145,35.73384",Sentinel-1,GRD,VV+VH,IW,40.0,512,32.97,images\S1_EVT0012_02.npy,masks\S1_EVT0012_02.png,quicklook\S1_EVT0012_02.png,True,True,False,True,False,False,23.7558,9.831,3.975,18.13,True,0.99,False,False,3.792,0.5452,1.0,simulation,0.93,nominal,OceanGuard-Synth,CC-BY-4.0 (synthetic),train
S1_EVT0012_03,EVT0012,T00115,2026-01-14T20:19:00Z,236.317,35.705381,21.790477,"21.67818,35.61339,21.90277,35.79737",Sentinel-1,GRD,VV+VH,IW,40.0,512,34.2,images\S1_EVT0012_03.npy,masks\S1_EVT0012_03.png,quicklook\S1_EVT0012_03.png,True,True,True,True,False,False,28.8775,10.439,4.423,159.49,True,0.718,True,True,8.91,0.2086,1.0,simulation,0.901,nominal,OceanGuard-Synth,CC-BY-4.0 (synthetic),train
S1_EVT0012_04,EVT0012,T00116,2026-01-15T17:39:49Z,257.664,36.022016,22.089501,"21.97721,35.93003,22.20180,36.11400",Sentinel-1,GRD,VV+VH,IW,40.0,512,40.64,images\S1_EVT0012_04.npy,masks\S1_EVT0012_04.png,quicklook\S1_EVT0012_04.png,True,True,True,True,False,False,26.0898,11.728,3.48,55.25,False,0.0,False,False,1.206,0.7903,0.15,simulation,0.832,low_contrast,OceanGuard-Synth,CC-BY-4.0 (synthetic),train
S1_EVT0012_05,EVT0012,T00117,2026-01-16T12:04:19Z,276.072,36.201643,22.108697,"21.99640,36.10966,22.22099,36.29363",Sentinel-1,GRD,VV+VH,IW,40.0,512,43.51,images\S1_EVT0012_05.npy,masks\S1_EVT0012_05.png,quicklook\S1_EVT0012_05.png,True,True,False,True,True,False,22.5847,9.007,3.944,148.57,True,0.99,False,False,5.636,0.3418,1.0,simulation,0.899,nominal,OceanGuard-Synth,CC-BY-4.0 (synthetic),train
S1_EVT0012_06,EVT0012,T00118,2026-01-17T05:23:13Z,293.387,36.372188,22.234473,"22.12218,36.28020,22.34677,36.46417",Sentinel-1,GRD,VV+VH,IW,40.0,512,44.07,images\S1_EVT0012_06.npy,masks\S1_EVT0012_06.png,quicklook\S1_EVT0012_06.png,True,True,False,True,False,False,35.8628,15.806,3.92,16.3,True,0.929,False,False,13.297,0.6768,0.633,simulation,0.853,low_contrast,OceanGuard-Synth,CC-BY-4.0 (synthetic),train
S1_EVT0012_07,EVT0012,T00119,2026-01-17T22:39:52Z,310.665,36.404072,22.274246,"22.16195,36.31208,22.38654,36.49606",Sentinel-1,GRD,VV+VH,IW,40.0,512,37.87,images\S1_EVT0012_07.npy,masks\S1_EVT0012_07.png,quicklook\S1_EVT0012_07.png,True,True,True,False,False,False,72.4719,25.427,5.721,37.16,True,0.99,False,False,6.196,0.6216,1.0,simulation,0.879,nominal,OceanGuard-Synth,CC-BY-4.0 (synthetic),train
S1_EVT0012_08,EVT0012,T00120,2026-01-18T18:45:37Z,330.76,36.773016,22.274246,"22.16195,36.68103,22.38654,36.86500",Sentinel-1,GRD,VV+VH,IW,40.0,512,43.64,images\S1_EVT0012_08.npy,masks\S1_EVT0012_08.png,quicklook\S1_EVT0012_08.png,True,True,True,True,False,False,22.8621,13.738,3.401,29.92,True,0.99,False,False,3.995,0.1952,1.0,simulation,0.914,nominal,OceanGuard-Synth,CC-BY-4.0 (synthetic),train
S1_EVT0012_09,EVT0012,T00121,2026-01-19T14:09:02Z,350.151,36.888881,22.274246,"22.16195,36.79689,22.38654,36.98087",Sentinel-1,GRD,VV+VH,IW,40.0,512,40.23,images\S1_EVT0012_09.npy,masks\S1_EVT0012_09.png,quicklook\S1_EVT0012_09.png,True,False,True,False,True,False,0.0,0.0,0.0,0.0,False,0.0,False,False,4.892,0.5096,1.0,simulation,0.944,nominal,OceanGuard-Synth,CC-BY-4.0 (synthetic),train
