event_id,source_hypothesis_id,ensemble_id,is_deterministic,source_lat,source_lon,source_x_km,source_y_km,origin_time_start,origin_time_end,origin_time_mid,origin_time_mid_sim_h,first_observation_sim_h,backtracked_hours,uncertainty_radius_km,wind_drift_factor,diffusion_m2s,seed_state_ids,qa_source_error_km,source_probability
EVT0001,EVT0001-H00,0,True,38.466892,21.00957,274.4367,385.9344,2026-01-09T02:00:22Z,2026-01-09T14:00:22Z,2026-01-09T08:00:22Z,104.006,112.006,8.0,2.761,0.032,9.0,EVT0001-OBS000,62.703,0.3083
EVT0001,EVT0001-H01,1,False,38.459276,21.015879,275.012,385.0866,2026-01-09T01:35:18Z,2026-01-09T13:35:18Z,2026-01-09T07:35:18Z,103.589,112.006,8.418,6.821,0.0155,8.956,EVT0001-OBS000,61.698,0.1248
EVT0001,EVT0001-H02,2,False,38.418241,21.059348,278.9758,380.5186,2026-01-09T05:16:31Z,2026-01-09T17:16:31Z,2026-01-09T11:16:31Z,107.275,112.006,4.731,5.396,0.03014,5.198,EVT0001-OBS000,55.981,0.1577
EVT0001,EVT0001-H03,3,False,38.402301,21.077149,280.5991,378.7441,2026-01-09T06:17:19Z,2026-01-09T18:17:19Z,2026-01-09T12:17:19Z,108.289,112.006,3.718,4.634,0.03103,14.202,EVT0001-OBS000,53.751,0.1837
EVT0001,EVT0001-H04,4,False,38.461766,21.016433,275.0625,385.3638,2026-01-09T02:37:29Z,2026-01-09T14:37:29Z,2026-01-09T08:37:29Z,104.625,112.006,7.381,6.404,0.03003,12.506,EVT0001-OBS000,61.934,0.1329
EVT0001,EVT0001-H05,5,False,38.575665,20.920077,266.276,398.043,2026-01-08T18:59:59Z,2026-01-09T06:59:59Z,2026-01-09T00:59:59Z,97.0,112.006,15.006,9.197,0.03667,14.417,EVT0001-OBS000,77.09,0.0926
EVT0001,EVT0001-HBEST,-1,False,38.466892,21.00957,274.4367,385.9344,2026-01-09T02:00:22Z,2026-01-09T14:00:22Z,2026-01-09T08:00:22Z,104.006,112.006,8.0,7.656,0.032,9.0,EVT0001-OBS000,62.703,1.0
EVT0002,EVT0002-H00,0,True,38.108387,18.321247,29.2939,346.0256,2026-01-13T02:11:11Z,2026-01-13T14:11:11Z,2026-01-13T08:11:11Z,200.187,205.824,5.638,4.666,0.032,9.0,EVT0002-OBS000,4.358,0.2498
EVT0002,EVT0002-H01,1,False,38.118091,18.303508,27.6763,347.1058,2026-01-12T23:31:33Z,2026-01-13T11:31:33Z,2026-01-13T05:31:33Z,197.526,205.824,8.298,8.938,0.02908,10.339,EVT0002-OBS000,6.217,0.1304
EVT0002,EVT0002-H02,2,False,38.131,18.289936,26.4387,348.5429,2026-01-12T20:52:18Z,2026-01-13T08:52:18Z,2026-01-13T02:52:18Z,194.872,205.824,10.953,9.585,0.0293,11.068,EVT0002-OBS000,7.919,0.1216
EVT0002,EVT0002-H03,3,False,38.106611,18.311844,28.4364,345.828,2026-01-12T23:46:59Z,2026-01-13T11:46:59Z,2026-01-13T05:46:59Z,197.783,205.824,8.041,8.406,0.03886,7.858,EVT0002-OBS000,5.163,0.1387
EVT0002,EVT0002-H04,4,False,38.105457,18.320722,29.246,345.6994,2026-01-13T01:55:25Z,2026-01-13T13:55:25Z,2026-01-13T07:55:25Z,199.924,205.824,5.901,6.99,0.03541,11.991,EVT0002-OBS000,4.343,0.1668
EVT0002,EVT0002-H05,5,False,38.116816,18.321247,29.2939,346.9639,2026-01-13T03:42:18Z,2026-01-13T15:42:18Z,2026-01-13T09:42:18Z,201.705,205.824,4.119,6.048,0.02515,9.777,EVT0002-OBS000,4.662,0.1927
EVT0002,EVT0002-HBEST,-1,False,38.108387,18.321247,29.2939,346.0256,2026-01-13T02:11:11Z,2026-01-13T14:11:11Z,2026-01-13T08:11:11Z,200.187,205.824,5.638,4.666,0.032,9.0,EVT0002-OBS000,4.358,1.0
EVT0003,EVT0003-H00,0,True,35.824549,18.834134,76.063,91.7888,2026-01-10T11:52:26Z,2026-01-10T23:52:26Z,2026-01-10T17:52:26Z,137.874,155.874,18.0,1.806,0.032,9.0,EVT0003-OBS000,9.748,0.4982
EVT0003,EVT0003-H01,1,False,35.837542,18.853204,77.8019,93.2352,2026-01-10T09:15:25Z,2026-01-10T21:15:25Z,2026-01-10T15:15:25Z,135.257,155.874,20.617,10.39,0.02411,4.719,EVT0003-OBS000,8.091,0.0866
EVT0003,EVT0003-H02,2,False,35.811698,18.846015,77.1464,90.3582,2026-01-10T12:21:55Z,2026-01-11T00:21:55Z,2026-01-10T18:21:55Z,138.365,155.874,17.509,10.098,0.04287,9.444,EVT0003-OBS000,11.004,0.0891
EVT0003,EVT0003-H03,3,False,35.851315,18.846122,77.1562,94.7684,2026-01-10T14:47:15Z,2026-01-11T02:47:15Z,2026-01-10T20:47:15Z,140.788,155.874,15.087,8.364,0.0172,10.795,EVT0003-OBS000,6.62,0.1076
EVT0003,EVT0003-H04,4,False,35.836187,18.853588,77.837,93.0843,2026-01-10T16:49:16Z,2026-01-11T04:49:16Z,2026-01-10T22:49:16Z,142.821,155.874,13.053,8.419,0.03312,7.858,EVT0003-OBS000,8.24,0.1069
EVT0003,EVT0003-H05,5,False,35.845669,18.850734,77.5767,94.1399,2026-01-10T16:10:26Z,2026-01-11T04:10:26Z,2026-01-10T22:10:26Z,142.174,155.874,13.7,8.065,0.02612,13.039,EVT0003-OBS000,7.2,0.1116
EVT0003,EVT0003-HBEST,-1,False,35.824549,18.834134,76.063,91.7888,2026-01-10T11:52:26Z,2026-01-10T23:52:26Z,2026-01-10T17:52:26Z,137.874,155.874,18.0,1.806,0.032,9.0,EVT0003-OBS000,9.748,1.0
EVT0004,EVT0004-H00,0,True,37.457485,21.831324,349.3708,273.5672,2026-01-05T14:03:35Z,2026-01-06T02:03:35Z,2026-01-05T20:03:35Z,20.06,38.06,18.0,3.84,0.032,9.0,EVT0004-OBS000,13.272,0.4158
EVT0004,EVT0004-H01,1,False,37.495561,21.812334,347.6391,277.8058,2026-01-05T16:30:49Z,2026-01-06T04:30:49Z,2026-01-05T22:30:49Z,22.514,38.06,15.546,12.639,0.03375,9.32,EVT0004-OBS000,11.198,0.1263
EVT0004,EVT0004-H02,2,False,37.503802,21.817921,348.1486,278.7232,2026-01-05T16:51:58Z,2026-01-06T04:51:58Z,2026-01-05T22:51:58Z,22.866,38.06,15.193,10.973,0.03043,8.362,EVT0004-OBS000,10.231,0.1455
EVT0004,EVT0004-H03,3,False,37.484506,21.813935,347.7852,276.5752,2026-01-05T16:42:12Z,2026-01-06T04:42:12Z,2026-01-05T22:42:12Z,22.704,38.06,15.356,12.529,0.03883,8.511,EVT0004-OBS000,11.907,0.1274
EVT0004,EVT0004-H04,4,False,37.470856,21.828426,349.1066,275.0557,2026-01-05T11:51:44Z,2026-01-05T23:51:44Z,2026-01-05T17:51:44Z,17.862,38.06,20.197,17.489,0.0332,3.068,EVT0004-OBS000,12.184,0.0913
EVT0004,EVT0004-H05,5,False,37.472166,21.836909,349.88,275.2015,2026-01-05T12:43:04Z,2026-01-06T00:43:04Z,2026-01-05T18:43:04Z,18.718,38.06,19.342,17.054,0.03005,9.562,EVT0004-OBS000,11.621,0.0936
EVT0004,EVT0004-HBEST,-1,False,37.457485,21.831324,349.3708,273.5672,2026-01-05T14:03:35Z,2026-01-06T02:03:35Z,2026-01-05T20:03:35Z,20.06,38.06,18.0,3.84,0.032,9.0,EVT0004-OBS000,13.272,1.0
EVT0005,EVT0005-H00,0,True,37.278334,19.93092,176.0767,253.6241,2026-01-12T05:26:45Z,2026-01-12T17:26:45Z,2026-01-12T11:26:45Z,179.446,197.446,18.0,4.335,0.032,9.0,EVT0005-OBS000,40.054,0.3098
EVT0005,EVT0005-H01,1,False,37.265783,19.980768,180.6223,252.227,2026-01-12T02:18:31Z,2026-01-12T14:18:31Z,2026-01-12T08:18:31Z,176.309,197.446,21.137,12.468,0.03425,6.604,EVT0005-OBS000,38.627,0.1077
EVT0005,EVT0005-H02,2,False,37.274256,19.838788,167.6754,253.1702,2026-01-12T10:13:13Z,2026-01-12T22:13:13Z,2026-01-12T16:13:13Z,184.22,197.446,13.226,7.206,0.04106,12.88,EVT0005-OBS000,41.007,0.1864
EVT0005,EVT0005-H03,3,False,37.304198,19.949417,177.7634,256.5034,2026-01-12T05:47:26Z,2026-01-12T17:47:26Z,2026-01-12T11:47:26Z,179.791,197.446,17.655,10.151,0.01895,5.879,EVT0005-OBS000,42.86,0.1323
EVT0005,EVT0005-H04,4,False,37.289972,19.901279,173.3739,254.9197,2026-01-12T07:08:22Z,2026-01-12T19:08:22Z,2026-01-12T13:08:22Z,181.14,197.446,16.306,8.972,0.02912,5.65,EVT0005-OBS000,41.601,0.1497
EVT0005,EVT0005-H05,5,False,37.25976,19.964252,179.1162,251.5564,2026-01-12T02:25:19Z,2026-01-12T14:25:19Z,2026-01-12T08:25:19Z,176.422,197.446,21.024,11.762,0.03467,10.179,EVT0005-OBS000,37.908,0.1142
EVT0005,EVT0005-HBEST,-1,False,37.278334,19.93092,176.0767,253.6241,2026-01-12T05:26:45Z,2026-01-12T17:26:45Z,2026-01-12T11:26:45Z,179.446,197.446,18.0,4.591,0.032,9.0,EVT0005-OBS000,40.054,1.0
EVT0006,EVT0006-H00,0,True,35.933729,21.839526,350.1187,103.9427,2026-01-05T14:04:23Z,2026-01-06T02:04:23Z,2026-01-05T20:04:23Z,20.073,38.073,18.0,1.225,0.032,9.0,EVT0006-OBS000,17.822,0.5312
EVT0006,EVT0006-H01,1,False,35.929636,21.845326,350.6476,103.4871,2026-01-05T14:34:29Z,2026-01-06T02:34:29Z,2026-01-05T20:34:29Z,20.575,38.073,17.498,7.197,0.03094,10.179,EVT0006-OBS000,17.431,0.0904
EVT0006,EVT0006-H02,2,False,35.930645,21.848686,350.954,103.5994,2026-01-05T12:23:20Z,2026-01-06T00:23:20Z,2026-01-05T18:23:20Z,18.389,38.073,19.684,7.183,0.03819,6.996,EVT0006-OBS000,17.586,0.0906
EVT0006,EVT0006-H03,3,False,35.938525,21.853866,351.4263,104.4766,2026-01-05T10:51:34Z,2026-01-05T22:51:34Z,2026-01-05T16:51:34Z,16.86,38.073,21.213,7.274,0.04457,10.457,EVT0006-OBS000,18.527,0.0895
EVT0006,EVT0006-H04,4,False,35.934635,21.836392,349.833,104.0436,2026-01-05T12:51:45Z,2026-01-06T00:51:45Z,2026-01-05T18:51:45Z,18.863,38.073,19.211,6.494,0.03345,10.702,EVT0006-OBS000,17.896,0.1002
EVT0006,EVT0006-H05,5,False,35.912713,21.869912,352.8896,101.6033,2026-01-05T18:51:53Z,2026-01-06T06:51:53Z,2026-01-06T00:51:53Z,24.865,38.073,13.208,6.636,0.04296,10.375,EVT0006-OBS000,16.055,0.0981
EVT0006,EVT0006-HBEST,-1,False,35.933729,21.839526,350.1187,103.9427,2026-01-05T14:04:23Z,2026-01-06T02:04:23Z,2026-01-05T20:04:23Z,20.073,38.073,18.0,1.358,0.032,9.0,EVT0006-OBS000,17.822,1.0
EVT0007,EVT0007-H00,0,True,37.697906,18.359841,32.8132,300.3309,2026-01-12T18:40:22Z,2026-01-13T06:40:22Z,2026-01-13T00:40:22Z,192.673,196.807,4.134,1.421,0.032,9.0,EVT0007-OBS000,6.248,0.3336
EVT0007,EVT0007-H01,1,False,37.662091,18.354495,32.3257,296.344,2026-01-12T21:48:25Z,2026-01-13T09:48:25Z,2026-01-13T03:48:25Z,195.807,196.807,1.0,2.428,0.03843,13.275,EVT0007-OBS000,2.232,0.1952
EVT0007,EVT0007-H02,2,False,37.755216,18.344472,31.4117,306.7107,2026-01-12T14:53:44Z,2026-01-13T02:53:44Z,2026-01-12T20:53:44Z,188.896,196.807,7.911,7.726,0.03963,12.776,EVT0007-OBS000,12.597,0.0614
EVT0007,EVT0007-H03,3,False,37.671533,18.360367,32.8611,297.3951,2026-01-12T20:46:14Z,2026-01-13T08:46:14Z,2026-01-13T02:46:14Z,194.771,196.807,2.036,3.388,0.01611,4.453,EVT0007-OBS000,3.366,0.1399
EVT0007,EVT0007-H04,4,False,37.715396,18.360116,32.8383,302.2779,2026-01-12T16:25:33Z,2026-01-13T04:25:33Z,2026-01-12T22:25:33Z,190.426,196.807,6.381,6.698,0.02019,7.507,EVT0007-OBS000,8.187,0.0708
EVT0007,EVT0007-H05,5,False,37.661931,18.356438,32.5028,296.3262,2026-01-12T21:48:25Z,2026-01-13T09:48:25Z,2026-01-13T03:48:25Z,195.807,196.807,1.0,2.38,0.02409,10.575,EVT0007-OBS000,2.243,0.1992
EVT0007,EVT0007-HBEST,-1,False,37.697906,18.359841,32.8132,300.3309,2026-01-12T18:40:22Z,2026-01-13T06:40:22Z,2026-01-13T00:40:22Z,192.673,196.807,4.134,3.774,0.032,9.0,EVT0007-OBS000,6.248,1.0
EVT0008,EVT0008-H00,0,True,37.220411,19.547959,141.1553,247.1761,2026-01-10T09:04:06Z,2026-01-10T21:04:06Z,2026-01-10T15:04:06Z,135.069,153.069,18.0,5.91,0.032,9.0,EVT0008-OBS000,28.633,0.332
EVT0008,EVT0008-H01,1,False,37.202892,19.605148,146.3702,245.2259,2026-01-10T12:56:36Z,2026-01-11T00:56:36Z,2026-01-10T18:56:36Z,138.943,153.069,14.125,13.473,0.03432,5.678,EVT0008-OBS000,24.78,0.1456
EVT0008,EVT0008-H02,2,False,37.27624,19.587426,144.7542,253.391,2026-01-10T06:02:41Z,2026-01-10T18:02:41Z,2026-01-10T12:02:41Z,132.045,153.069,21.024,18.623,0.02965,14.916,EVT0008-OBS000,23.432,0.1054
EVT0008,EVT0008-H03,3,False,37.179625,19.639125,149.4685,242.6359,2026-01-10T13:13:20Z,2026-01-11T01:13:20Z,2026-01-10T19:13:20Z,139.222,153.069,13.846,13.499,0.02685,11.923,EVT0008-OBS000,23.711,0.1454
EVT0008,EVT0008-H04,4,False,37.169088,19.688551,153.9756,241.4629,2026-01-10T14:25:29Z,2026-01-11T02:25:29Z,2026-01-10T20:25:29Z,140.425,153.069,12.644,12.059,0.02223,5.279,EVT0008-OBS000,21.309,0.1627
EVT0008,EVT0008-H05,5,False,37.278846,19.535466,140.0161,253.6812,2026-01-10T11:11:24Z,2026-01-10T23:11:24Z,2026-01-10T17:11:24Z,137.19,153.069,15.878,18.016,0.04697,10.24,EVT0008-OBS000,28.061,0.1089
EVT0008,EVT0008-HBEST,-1,False,37.220411,19.547959,141.1553,247.1761,2026-01-10T09:04:06Z,2026-01-10T21:04:06Z,2026-01-10T15:04:06Z,135.069,153.069,18.0,6.765,0.032,9.0,EVT0008-OBS000,28.633,1.0
EVT0009,EVT0009-H00,0,True,37.420297,20.493639,227.3899,269.4274,2026-01-06T09:02:47Z,2026-01-06T21:02:47Z,2026-01-06T15:02:47Z,39.047,45.12,6.074,1.139,0.032,9.0,EVT0009-OBS000,14.813,0.4441
EVT0009,EVT0009-H01,1,False,37.442953,20.508098,228.7085,271.9495,2026-01-06T07:51:17Z,2026-01-06T19:51:17Z,2026-01-06T13:51:17Z,37.855,45.12,7.265,4.733,0.03279,4.303,EVT0009-OBS000,17.568,0.1069
EVT0009,EVT0009-H02,2,False,37.478177,20.575371,234.8429,275.8707,2026-01-06T03:05:43Z,2026-01-06T15:05:43Z,2026-01-06T09:05:43Z,33.095,45.12,12.025,5.129,0.03931,8.495,EVT0009-OBS000,24.635,0.0986
EVT0009,EVT0009-H03,3,False,37.362448,20.442893,222.7625,262.9877,2026-01-06T12:26:30Z,2026-01-07T00:26:30Z,2026-01-06T18:26:30Z,42.442,45.12,2.678,3.476,0.02163,2.434,EVT0009-OBS000,7.035,0.1455
EVT0009,EVT0009-H04,4,False,37.442344,20.509945,228.8769,271.8817,2026-01-06T06:25:41Z,2026-01-06T18:25:41Z,2026-01-06T12:25:41Z,36.428,45.12,8.692,5.205,0.02394,9.354,EVT0009-OBS000,17.628,0.0972
EVT0009,EVT0009-H05,5,False,37.445092,20.515199,229.356,272.1876,2026-01-06T07:35:23Z,2026-01-06T19:35:23Z,2026-01-06T13:35:23Z,37.59,45.12,7.53,4.694,0.04081,6.03,EVT0009-OBS000,18.175,0.1078
EVT0009,EVT0009-HBEST,-1,False,37.420297,20.493639,227.3899,269.4274,2026-01-06T09:02:47Z,2026-01-06T21:02:47Z,2026-01-06T15:02:47Z,39.047,45.12,6.074,5.294,0.032,9.0,EVT0009-OBS000,14.813,1.0
EVT0010,EVT0010-H00,0,True,36.483865,21.497066,318.8905,165.1839,2026-01-06T02:42:44Z,2026-01-06T14:42:44Z,2026-01-06T08:42:44Z,32.712,50.712,18.0,3.584,0.032,9.0,EVT0010-OBS000,25.471,0.4019
EVT0010,EVT0010-H01,1,False,36.513706,21.453267,314.8965,168.5058,2026-01-06T05:43:51Z,2026-01-06T17:43:51Z,2026-01-06T11:43:51Z,35.731,50.712,14.981,8.649,0.04161,11.122,EVT0010-OBS000,22.212,0.1666
EVT0010,EVT0010-H02,2,False,36.490203,21.519136,320.903,165.8894,2026-01-06T01:33:58Z,2026-01-06T13:33:58Z,2026-01-06T07:33:58Z,31.566,50.712,19.146,12.813,0.03357,9.411,EVT0010-OBS000,27.556,0.1124
EVT0010,EVT0010-H03,3,False,36.459031,21.521408,321.1102,162.4193,2026-01-05T22:39:46Z,2026-01-06T10:39:46Z,2026-01-06T04:39:46Z,28.663,50.712,22.05,14.885,0.03545,11.976,EVT0010-OBS000,27.517,0.0968
EVT0010,EVT0010-H04,4,False,36.473959,21.524046,321.3508,164.0811,2026-01-05T23:51:18Z,2026-01-06T11:51:18Z,2026-01-06T05:51:18Z,29.855,50.712,20.857,14.631,0.03261,13.158,EVT0010-OBS000,27.82,0.0985
EVT0010,EVT0010-H05,5,False,36.485822,21.504931,319.6076,165.4018,2026-01-06T01:28:44Z,2026-01-06T13:28:44Z,2026-01-06T07:28:44Z,31.479,50.712,19.233,11.631,0.02461,4.604,EVT0010-OBS000,26.209,0.1239
EVT0010,EVT0010-HBEST,-1,False,36.483865,21.497066,318.8905,165.1839,2026-01-06T02:42:44Z,2026-01-06T14:42:44Z,2026-01-06T08:42:44Z,32.712,50.712,18.0,3.584,0.032,9.0,EVT0010-OBS000,25.471,1.0
EVT0011,EVT0011-H00,0,True,37.940096,19.396783,127.3698,327.2915,2026-01-07T13:23:16Z,2026-01-08T01:23:16Z,2026-01-07T19:23:16Z,67.388,85.388,18.0,2.582,0.032,9.0,EVT0011-OBS000,39.981,0.4289
EVT0011,EVT0011-H01,1,False,37.962619,19.412277,128.7827,329.7987,2026-01-07T11:19:58Z,2026-01-07T23:19:58Z,2026-01-07T17:19:58Z,65.333,85.388,20.055,10.702,0.02903,8.321,EVT0011-OBS000,40.947,0.1035
EVT0011,EVT0011-H02,2,False,37.919312,19.421666,129.6389,324.9778,2026-01-07T14:53:57Z,2026-01-08T02:53:57Z,2026-01-07T20:53:57Z,68.899,85.388,16.489,9.389,0.03089,11.577,EVT0011-OBS000,36.741,0.1179
EVT0011,EVT0011-H03,3,False,37.869096,19.473309,134.3481,319.3877,2026-01-07T17:46:41Z,2026-01-08T05:46:41Z,2026-01-07T23:46:41Z,71.778,85.388,13.61,8.457,0.03356,16.82,EVT0011-OBS000,29.442,0.1309
EVT0011,EVT0011-H04,4,False,37.89582,19.437737,131.1044,322.3626,2026-01-07T16:14:52Z,2026-01-08T04:14:52Z,2026-01-07T22:14:52Z,70.248,85.388,15.14,9.542,0.03291,12.049,EVT0011-OBS000,33.834,0.116
EVT0011,EVT0011-H05,5,False,37.980484,19.368343,124.7765,331.7875,2026-01-07T10:28:01Z,2026-01-07T22:28:01Z,2026-01-07T16:28:01Z,64.467,85.388,20.921,10.779,0.03324,7.078,EVT0011-OBS000,45.054,0.1027
EVT0011,EVT0011-HBEST,-1,False,37.940096,19.396783,127.3698,327.2915,2026-01-07T13:23:16Z,2026-01-08T01:23:16Z,2026-01-07T19:23:16Z,67.388,85.388,18.0,5.178,0.032,9.0,EVT0011-OBS000,39.981,1.0
EVT0012,EVT0012-H00,0,True,35.628451,21.542635,323.0458,69.9591,2026-01-12T04:42:15Z,2026-01-12T16:42:15Z,2026-01-12T10:42:15Z,178.704,196.704,18.0,4.893,0.032,9.0,EVT0012-OBS000,14.228,0.354
EVT0012,EVT0012-H01,1,False,35.642976,21.535795,322.4221,71.5761,2026-01-12T08:50:27Z,2026-01-12T20:50:27Z,2026-01-12T14:50:27Z,182.841,196.704,13.863,10.709,0.06114,9.236,EVT0012-OBS000,14.727,0.1617
EVT0012,EVT0012-H02,2,False,35.669223,21.571505,325.6784,74.4979,2026-01-12T07:12:34Z,2026-01-12T19:12:34Z,2026-01-12T13:12:34Z,181.209,196.704,15.495,12.594,0.02629,10.311,EVT0012-OBS000,11.768,0.1375
EVT0012,EVT0012-H03,3,False,35.621634,21.478537,317.2009,69.2003,2026-01-12T01:27:01Z,2026-01-12T13:27:01Z,2026-01-12T07:27:01Z,175.45,196.704,21.254,19.997,0.04051,9.478,EVT0012-OBS000,20.122,0.0866
EVT0012,EVT0012-H04,4,False,35.651876,21.551133,323.8207,72.5668,2026-01-12T05:24:57Z,2026-01-12T17:24:57Z,2026-01-12T11:24:57Z,179.416,196.704,17.288,14.444,0.0374,8.95,EVT0012-OBS000,13.345,0.1199
EVT0012,EVT0012-H05,5,False,35.674883,21.587944,327.1775,75.128,2026-01-12T07:39:03Z,2026-01-12T19:39:03Z,2026-01-12T13:39:03Z,181.651,196.704,15.054,12.347,0.02183,9.928,EVT0012-OBS000,10.492,0.1403
EVT0012,EVT0012-HBEST,-1,False,35.628451,21.542635,323.0458,69.9591,2026-01-12T04:42:15Z,2026-01-12T16:42:15Z,2026-01-12T10:42:15Z,178.704,196.704,18.0,4.893,0.032,9.0,EVT0012-OBS000,14.228,1.0
