edge_id,event_id,source_node_id,target_node_id,relation_type,confidence,timestamp,provenance
E000001,EVT0001,EVT0001-OBS000,S1_EVT0001_02,DERIVED-FROM,,,F1->F2
E000002,EVT0002,EVT0002-OBS000,S1_EVT0002_01,DERIVED-FROM,,,F1->F2
E000003,EVT0002,EVT0002-OBS001,S1_EVT0002_02,DERIVED-FROM,,,F1->F2
E000004,EVT0002,EVT0002-OBS003,S1_EVT0002_04,DERIVED-FROM,,,F1->F2
E000005,EVT0002,EVT0002-OBS004,S1_EVT0002_05,DERIVED-FROM,,,F1->F2
E000006,EVT0003,EVT0003-OBS000,S1_EVT0003_00,DERIVED-FROM,,,F1->F2
E000007,EVT0003,EVT0003-OBS001,S1_EVT0003_01,DERIVED-FROM,,,F1->F2
E000008,EVT0003,EVT0003-OBS002,S1_EVT0003_02,DERIVED-FROM,,,F1->F2
E000009,EVT0003,EVT0003-OBS003,S1_EVT0003_03,DERIVED-FROM,,,F1->F2
E000010,EVT0003,EVT0003-OBS004,S1_EVT0003_04,DERIVED-FROM,,,F1->F2
E000011,EVT0003,EVT0003-OBS006,S1_EVT0003_06,DERIVED-FROM,,,F1->F2
E000012,EVT0003,EVT0003-OBS007,S1_EVT0003_07,DERIVED-FROM,,,F1->F2
E000013,EVT0003,EVT0003-OBS008,S1_EVT0003_08,DERIVED-FROM,,,F1->F2
E000014,EVT0003,EVT0003-OBS009,S1_EVT0003_09,DERIVED-FROM,,,F1->F2
E000015,EVT0004,EVT0004-OBS000,S1_EVT0004_00,DERIVED-FROM,,,F1->F2
E000016,EVT0004,EVT0004-OBS001,S1_EVT0004_01,DERIVED-FROM,,,F1->F2
E000017,EVT0004,EVT0004-OBS002,S1_EVT0004_02,DERIVED-FROM,,,F1->F2
E000018,EVT0004,EVT0004-OBS003,S1_EVT0004_03,DERIVED-FROM,,,F1->F2
E000019,EVT0005,EVT0005-OBS000,S1_EVT0005_01,DERIVED-FROM,,,F1->F2
E000020,EVT0005,EVT0005-OBS001,S1_EVT0005_02,DERIVED-FROM,,,F1->F2
E000021,EVT0005,EVT0005-OBS002,S1_EVT0005_03,DERIVED-FROM,,,F1->F2
E000022,EVT0005,EVT0005-OBS003,S1_EVT0005_04,DERIVED-FROM,,,F1->F2
E000023,EVT0005,EVT0005-OBS004,S1_EVT0005_05,DERIVED-FROM,,,F1->F2
E000024,EVT0005,EVT0005-OBS005,S1_EVT0005_06,DERIVED-FROM,,,F1->F2
E000025,EVT0005,EVT0005-OBS006,S1_EVT0005_07,DERIVED-FROM,,,F1->F2
E000026,EVT0005,EVT0005-OBS007,S1_EVT0005_08,DERIVED-FROM,,,F1->F2
E000027,EVT0005,EVT0005-OBS008,S1_EVT0005_09,DERIVED-FROM,,,F1->F2
E000028,EVT0006,EVT0006-OBS000,S1_EVT0006_00,DERIVED-FROM,,,F1->F2
E000029,EVT0006,EVT0006-OBS001,S1_EVT0006_01,DERIVED-FROM,,,F1->F2
E000030,EVT0006,EVT0006-OBS002,S1_EVT0006_02,DERIVED-FROM,,,F1->F2
E000031,EVT0006,EVT0006-OBS004,S1_EVT0006_04,DERIVED-FROM,,,F1->F2
E000032,EVT0006,EVT0006-OBS005,S1_EVT0006_05,DERIVED-FROM,,,F1->F2
E000033,EVT0006,EVT0006-OBS006,S1_EVT0006_06,DERIVED-FROM,,,F1->F2
E000034,EVT0006,EVT0006-OBS008,S1_EVT0006_08,DERIVED-FROM,,,F1->F2
E000035,EVT0007,EVT0007-OBS000,S1_EVT0007_01,DERIVED-FROM,,,F1->F2
E000036,EVT0007,EVT0007-OBS001,S1_EVT0007_02,DERIVED-FROM,,,F1->F2
E000037,EVT0007,EVT0007-OBS002,S1_EVT0007_03,DERIVED-FROM,,,F1->F2
E000038,EVT0007,EVT0007-OBS003,S1_EVT0007_04,DERIVED-FROM,,,F1->F2
E000039,EVT0007,EVT0007-OBS005,S1_EVT0007_06,DERIVED-FROM,,,F1->F2
E000040,EVT0008,EVT0008-OBS000,S1_EVT0008_00,DERIVED-FROM,,,F1->F2
E000041,EVT0008,EVT0008-OBS001,S1_EVT0008_01,DERIVED-FROM,,,F1->F2
E000042,EVT0008,EVT0008-OBS002,S1_EVT0008_02,DERIVED-FROM,,,F1->F2
E000043,EVT0008,EVT0008-OBS003,S1_EVT0008_03,DERIVED-FROM,,,F1->F2
E000044,EVT0008,EVT0008-OBS004,S1_EVT0008_04,DERIVED-FROM,,,F1->F2
E000045,EVT0008,EVT0008-OBS005,S1_EVT0008_05,DERIVED-FROM,,,F1->F2
E000046,EVT0008,EVT0008-OBS007,S1_EVT0008_07,DERIVED-FROM,,,F1->F2
E000047,EVT0009,EVT0009-OBS000,S1_EVT0009_01,DERIVED-FROM,,,F1->F2
E000048,EVT0009,EVT0009-OBS001,S1_EVT0009_02,DERIVED-FROM,,,F1->F2
E000049,EVT0009,EVT0009-OBS003,S1_EVT0009_04,DERIVED-FROM,,,F1->F2
E000050,EVT0009,EVT0009-OBS004,S1_EVT0009_05,DERIVED-FROM,,,F1->F2
E000051,EVT0010,EVT0010-OBS000,S1_EVT0010_02,DERIVED-FROM,,,F1->F2
E000052,EVT0010,EVT0010-OBS001,S1_EVT0010_03,DERIVED-FROM,,,F1->F2
E000053,EVT0010,EVT0010-OBS002,S1_EVT0010_04,DERIVED-FROM,,,F1->F2
E000054,EVT0010,EVT0010-OBS003,S1_EVT0010_05,DERIVED-FROM,,,F1->F2
E000055,EVT0010,EVT0010-OBS004,S1_EVT0010_06,DERIVED-FROM,,,F1->F2
E000056,EVT0010,EVT0010-OBS005,S1_EVT0010_07,DERIVED-FROM,,,F1->F2
E000057,EVT0010,EVT0010-OBS007,S1_EVT0010_09,DERIVED-FROM,,,F1->F2
E000058,EVT0011,EVT0011-OBS000,S1_EVT0011_00,DERIVED-FROM,,,F1->F2
E000059,EVT0011,EVT0011-OBS001,S1_EVT0011_01,DERIVED-FROM,,,F1->F2
E000060,EVT0011,EVT0011-OBS002,S1_EVT0011_02,DERIVED-FROM,,,F1->F2
E000061,EVT0011,EVT0011-OBS003,S1_EVT0011_03,DERIVED-FROM,,,F1->F2
E000062,EVT0011,EVT0011-OBS004,S1_EVT0011_04,DERIVED-FROM,,,F1->F2
E000063,EVT0011,EVT0011-OBS005,S1_EVT0011_05,DERIVED-FROM,,,F1->F2
E000064,EVT0012,EVT0012-OBS000,S1_EVT0012_01,DERIVED-FROM,,,F1->F2
E000065,EVT0012,EVT0012-OBS001,S1_EVT0012_02,DERIVED-FROM,,,F1->F2
E000066,EVT0012,EVT0012-OBS002,S1_EVT0012_03,DERIVED-FROM,,,F1->F2
E000067,EVT0012,EVT0012-OBS004,S1_EVT0012_05,DERIVED-FROM,,,F1->F2
E000068,EVT0012,EVT0012-OBS005,S1_EVT0012_06,DERIVED-FROM,,,F1->F2
E000069,EVT0012,EVT0012-OBS006,S1_EVT0012_07,DERIVED-FROM,,,F1->F2
E000070,EVT0012,EVT0012-OBS007,S1_EVT0012_08,DERIVED-FROM,,,F1->F2
E000071,EVT0002,EVT0002-OBS001,EVT0002-OBS000,DERIVED-FROM,,,temporal-successor
E000072,EVT0002,EVT0002-OBS003,EVT0002-OBS001,DERIVED-FROM,,,temporal-successor
E000073,EVT0002,EVT0002-OBS004,EVT0002-OBS003,DERIVED-FROM,,,temporal-successor
E000074,EVT0003,EVT0003-OBS001,EVT0003-OBS000,DERIVED-FROM,,,temporal-successor
E000075,EVT0003,EVT0003-OBS002,EVT0003-OBS001,DERIVED-FROM,,,temporal-successor
E000076,EVT0003,EVT0003-OBS003,EVT0003-OBS002,DERIVED-FROM,,,temporal-successor
E000077,EVT0003,EVT0003-OBS004,EVT0003-OBS003,DERIVED-FROM,,,temporal-successor
E000078,EVT0003,EVT0003-OBS006,EVT0003-OBS004,DERIVED-FROM,,,temporal-successor
E000079,EVT0003,EVT0003-OBS007,EVT0003-OBS006,DERIVED-FROM,,,temporal-successor
E000080,EVT0003,EVT0003-OBS008,EVT0003-OBS007,DERIVED-FROM,,,temporal-successor
E000081,EVT0003,EVT0003-OBS009,EVT0003-OBS008,DERIVED-FROM,,,temporal-successor
E000082,EVT0004,EVT0004-OBS001,EVT0004-OBS000,DERIVED-FROM,,,temporal-successor
E000083,EVT0004,EVT0004-OBS002,EVT0004-OBS001,DERIVED-FROM,,,temporal-successor
E000084,EVT0004,EVT0004-OBS003,EVT0004-OBS002,DERIVED-FROM,,,temporal-successor
E000085,EVT0005,EVT0005-OBS001,EVT0005-OBS000,DERIVED-FROM,,,temporal-successor
E000086,EVT0005,EVT0005-OBS002,EVT0005-OBS001,DERIVED-FROM,,,temporal-successor
E000087,EVT0005,EVT0005-OBS003,EVT0005-OBS002,DERIVED-FROM,,,temporal-successor
E000088,EVT0005,EVT0005-OBS004,EVT0005-OBS003,DERIVED-FROM,,,temporal-successor
E000089,EVT0005,EVT0005-OBS005,EVT0005-OBS004,DERIVED-FROM,,,temporal-successor
E000090,EVT0005,EVT0005-OBS006,EVT0005-OBS005,DERIVED-FROM,,,temporal-successor
E000091,EVT0005,EVT0005-OBS007,EVT0005-OBS006,DERIVED-FROM,,,temporal-successor
E000092,EVT0005,EVT0005-OBS008,EVT0005-OBS007,DERIVED-FROM,,,temporal-successor
E000093,EVT0006,EVT0006-OBS001,EVT0006-OBS000,DERIVED-FROM,,,temporal-successor
E000094,EVT0006,EVT0006-OBS002,EVT0006-OBS001,DERIVED-FROM,,,temporal-successor
E000095,EVT0006,EVT0006-OBS004,EVT0006-OBS002,DERIVED-FROM,,,temporal-successor
E000096,EVT0006,EVT0006-OBS005,EVT0006-OBS004,DERIVED-FROM,,,temporal-successor
E000097,EVT0006,EVT0006-OBS006,EVT0006-OBS005,DERIVED-FROM,,,temporal-successor
E000098,EVT0006,EVT0006-OBS008,EVT0006-OBS006,DERIVED-FROM,,,temporal-successor
E000099,EVT0007,EVT0007-OBS001,EVT0007-OBS000,DERIVED-FROM,,,temporal-successor
E000100,EVT0007,EVT0007-OBS002,EVT0007-OBS001,DERIVED-FROM,,,temporal-successor
E000101,EVT0007,EVT0007-OBS003,EVT0007-OBS002,DERIVED-FROM,,,temporal-successor
E000102,EVT0007,EVT0007-OBS005,EVT0007-OBS003,DERIVED-FROM,,,temporal-successor
E000103,EVT0008,EVT0008-OBS001,EVT0008-OBS000,DERIVED-FROM,,,temporal-successor
E000104,EVT0008,EVT0008-OBS002,EVT0008-OBS001,DERIVED-FROM,,,temporal-successor
E000105,EVT0008,EVT0008-OBS003,EVT0008-OBS002,DERIVED-FROM,,,temporal-successor
E000106,EVT0008,EVT0008-OBS004,EVT0008-OBS003,DERIVED-FROM,,,temporal-successor
E000107,EVT0008,EVT0008-OBS005,EVT0008-OBS004,DERIVED-FROM,,,temporal-successor
E000108,EVT0008,EVT0008-OBS007,EVT0008-OBS005,DERIVED-FROM,,,temporal-successor
E000109,EVT0009,EVT0009-OBS001,EVT0009-OBS000,DERIVED-FROM,,,temporal-successor
E000110,EVT0009,EVT0009-OBS003,EVT0009-OBS001,DERIVED-FROM,,,temporal-successor
E000111,EVT0009,EVT0009-OBS004,EVT0009-OBS003,DERIVED-FROM,,,temporal-successor
E000112,EVT0010,EVT0010-OBS001,EVT0010-OBS000,DERIVED-FROM,,,temporal-successor
E000113,EVT0010,EVT0010-OBS002,EVT0010-OBS001,DERIVED-FROM,,,temporal-successor
E000114,EVT0010,EVT0010-OBS003,EVT0010-OBS002,DERIVED-FROM,,,temporal-successor
E000115,EVT0010,EVT0010-OBS004,EVT0010-OBS003,DERIVED-FROM,,,temporal-successor
E000116,EVT0010,EVT0010-OBS005,EVT0010-OBS004,DERIVED-FROM,,,temporal-successor
E000117,EVT0010,EVT0010-OBS007,EVT0010-OBS005,DERIVED-FROM,,,temporal-successor
E000118,EVT0011,EVT0011-OBS001,EVT0011-OBS000,DERIVED-FROM,,,temporal-successor
E000119,EVT0011,EVT0011-OBS002,EVT0011-OBS001,DERIVED-FROM,,,temporal-successor
E000120,EVT0011,EVT0011-OBS003,EVT0011-OBS002,DERIVED-FROM,,,temporal-successor
E000121,EVT0011,EVT0011-OBS004,EVT0011-OBS003,DERIVED-FROM,,,temporal-successor
E000122,EVT0011,EVT0011-OBS005,EVT0011-OBS004,DERIVED-FROM,,,temporal-successor
E000123,EVT0012,EVT0012-OBS001,EVT0012-OBS000,DERIVED-FROM,,,temporal-successor
E000124,EVT0012,EVT0012-OBS002,EVT0012-OBS001,DERIVED-FROM,,,temporal-successor
E000125,EVT0012,EVT0012-OBS004,EVT0012-OBS002,DERIVED-FROM,,,temporal-successor
E000126,EVT0012,EVT0012-OBS005,EVT0012-OBS004,DERIVED-FROM,,,temporal-successor
E000127,EVT0012,EVT0012-OBS006,EVT0012-OBS005,DERIVED-FROM,,,temporal-successor
E000128,EVT0012,EVT0012-OBS007,EVT0012-OBS006,DERIVED-FROM,,,temporal-successor
E000129,EVT0001,EVT0001-H00,EVT0001-OBS000,DERIVED-FROM,,,F3 backtrack
E000130,EVT0001,EVT0001-H00,EVT0001-ENV,DERIVED-FROM,,,forcing
E000131,EVT0001,EVT0001-H01,EVT0001-OBS000,DERIVED-FROM,,,F3 backtrack
E000132,EVT0001,EVT0001-H01,EVT0001-ENV,DERIVED-FROM,,,forcing
E000133,EVT0001,EVT0001-H02,EVT0001-OBS000,DERIVED-FROM,,,F3 backtrack
E000134,EVT0001,EVT0001-H02,EVT0001-ENV,DERIVED-FROM,,,forcing
E000135,EVT0001,EVT0001-H03,EVT0001-OBS000,DERIVED-FROM,,,F3 backtrack
E000136,EVT0001,EVT0001-H03,EVT0001-ENV,DERIVED-FROM,,,forcing
E000137,EVT0001,EVT0001-H04,EVT0001-OBS000,DERIVED-FROM,,,F3 backtrack
E000138,EVT0001,EVT0001-H04,EVT0001-ENV,DERIVED-FROM,,,forcing
E000139,EVT0001,EVT0001-H05,EVT0001-OBS000,DERIVED-FROM,,,F3 backtrack
E000140,EVT0001,EVT0001-H05,EVT0001-ENV,DERIVED-FROM,,,forcing
E000141,EVT0001,EVT0001-HBEST,EVT0001-OBS000,DERIVED-FROM,,,F3 backtrack
E000142,EVT0001,EVT0001-HBEST,EVT0001-ENV,DERIVED-FROM,,,forcing
E000143,EVT0002,EVT0002-H00,EVT0002-OBS000,DERIVED-FROM,,,F3 backtrack
E000144,EVT0002,EVT0002-H00,EVT0002-ENV,DERIVED-FROM,,,forcing
E000145,EVT0002,EVT0002-H01,EVT0002-OBS000,DERIVED-FROM,,,F3 backtrack
E000146,EVT0002,EVT0002-H01,EVT0002-ENV,DERIVED-FROM,,,forcing
E000147,EVT0002,EVT0002-H02,EVT0002-OBS000,DERIVED-FROM,,,F3 backtrack
E000148,EVT0002,EVT0002-H02,EVT0002-ENV,DERIVED-FROM,,,forcing
E000149,EVT0002,EVT0002-H03,EVT0002-OBS000,DERIVED-FROM,,,F3 backtrack
E000150,EVT0002,EVT0002-H03,EVT0002-ENV,DERIVED-FROM,,,forcing
E000151,EVT0002,EVT0002-H04,EVT0002-OBS000,DERIVED-FROM,,,F3 backtrack
E000152,EVT0002,EVT0002-H04,EVT0002-ENV,DERIVED-FROM,,,forcing
E000153,EVT0002,EVT0002-H05,EVT0002-OBS000,DERIVED-FROM,,,F3 backtrack
E000154,EVT0002,EVT0002-H05,EVT0002-ENV,DERIVED-FROM,,,forcing
E000155,EVT0002,EVT0002-HBEST,EVT0002-OBS000,DERIVED-FROM,,,F3 backtrack
E000156,EVT0002,EVT0002-HBEST,EVT0002-ENV,DERIVED-FROM,,,forcing
E000157,EVT0003,EVT0003-H00,EVT0003-OBS000,DERIVED-FROM,,,F3 backtrack
E000158,EVT0003,EVT0003-H00,EVT0003-ENV,DERIVED-FROM,,,forcing
E000159,EVT0003,EVT0003-H01,EVT0003-OBS000,DERIVED-FROM,,,F3 backtrack
E000160,EVT0003,EVT0003-H01,EVT0003-ENV,DERIVED-FROM,,,forcing
E000161,EVT0003,EVT0003-H02,EVT0003-OBS000,DERIVED-FROM,,,F3 backtrack
E000162,EVT0003,EVT0003-H02,EVT0003-ENV,DERIVED-FROM,,,forcing
E000163,EVT0003,EVT0003-H03,EVT0003-OBS000,DERIVED-FROM,,,F3 backtrack
E000164,EVT0003,EVT0003-H03,EVT0003-ENV,DERIVED-FROM,,,forcing
E000165,EVT0003,EVT0003-H04,EVT0003-OBS000,DERIVED-FROM,,,F3 backtrack
E000166,EVT0003,EVT0003-H04,EVT0003-ENV,DERIVED-FROM,,,forcing
E000167,EVT0003,EVT0003-H05,EVT0003-OBS000,DERIVED-FROM,,,F3 backtrack
E000168,EVT0003,EVT0003-H05,EVT0003-ENV,DERIVED-FROM,,,forcing
E000169,EVT0003,EVT0003-HBEST,EVT0003-OBS000,DERIVED-FROM,,,F3 backtrack
E000170,EVT0003,EVT0003-HBEST,EVT0003-ENV,DERIVED-FROM,,,forcing
E000171,EVT0004,EVT0004-H00,EVT0004-OBS000,DERIVED-FROM,,,F3 backtrack
E000172,EVT0004,EVT0004-H00,EVT0004-ENV,DERIVED-FROM,,,forcing
E000173,EVT0004,EVT0004-H01,EVT0004-OBS000,DERIVED-FROM,,,F3 backtrack
E000174,EVT0004,EVT0004-H01,EVT0004-ENV,DERIVED-FROM,,,forcing
E000175,EVT0004,EVT0004-H02,EVT0004-OBS000,DERIVED-FROM,,,F3 backtrack
E000176,EVT0004,EVT0004-H02,EVT0004-ENV,DERIVED-FROM,,,forcing
E000177,EVT0004,EVT0004-H03,EVT0004-OBS000,DERIVED-FROM,,,F3 backtrack
E000178,EVT0004,EVT0004-H03,EVT0004-ENV,DERIVED-FROM,,,forcing
E000179,EVT0004,EVT0004-H04,EVT0004-OBS000,DERIVED-FROM,,,F3 backtrack
E000180,EVT0004,EVT0004-H04,EVT0004-ENV,DERIVED-FROM,,,forcing
E000181,EVT0004,EVT0004-H05,EVT0004-OBS000,DERIVED-FROM,,,F3 backtrack
E000182,EVT0004,EVT0004-H05,EVT0004-ENV,DERIVED-FROM,,,forcing
E000183,EVT0004,EVT0004-HBEST,EVT0004-OBS000,DERIVED-FROM,,,F3 backtrack
E000184,EVT0004,EVT0004-HBEST,EVT0004-ENV,DERIVED-FROM,,,forcing
E000185,EVT0005,EVT0005-H00,EVT0005-OBS000,DERIVED-FROM,,,F3 backtrack
E000186,EVT0005,EVT0005-H00,EVT0005-ENV,DERIVED-FROM,,,forcing
E000187,EVT0005,EVT0005-H01,EVT0005-OBS000,DERIVED-FROM,,,F3 backtrack
E000188,EVT0005,EVT0005-H01,EVT0005-ENV,DERIVED-FROM,,,forcing
E000189,EVT0005,EVT0005-H02,EVT0005-OBS000,DERIVED-FROM,,,F3 backtrack
E000190,EVT0005,EVT0005-H02,EVT0005-ENV,DERIVED-FROM,,,forcing
E000191,EVT0005,EVT0005-H03,EVT0005-OBS000,DERIVED-FROM,,,F3 backtrack
E000192,EVT0005,EVT0005-H03,EVT0005-ENV,DERIVED-FROM,,,forcing
E000193,EVT0005,EVT0005-H04,EVT0005-OBS000,DERIVED-FROM,,,F3 backtrack
E000194,EVT0005,EVT0005-H04,EVT0005-ENV,DERIVED-FROM,,,forcing
E000195,EVT0005,EVT0005-H05,EVT0005-OBS000,DERIVED-FROM,,,F3 backtrack
E000196,EVT0005,EVT0005-H05,EVT0005-ENV,DERIVED-FROM,,,forcing
E000197,EVT0005,EVT0005-HBEST,EVT0005-OBS000,DERIVED-FROM,,,F3 backtrack
E000198,EVT0005,EVT0005-HBEST,EVT0005-ENV,DERIVED-FROM,,,forcing
E000199,EVT0006,EVT0006-H00,EVT0006-OBS000,DERIVED-FROM,,,F3 backtrack
E000200,EVT0006,EVT0006-H00,EVT0006-ENV,DERIVED-FROM,,,forcing
E000201,EVT0006,EVT0006-H01,EVT0006-OBS000,DERIVED-FROM,,,F3 backtrack
E000202,EVT0006,EVT0006-H01,EVT0006-ENV,DERIVED-FROM,,,forcing
E000203,EVT0006,EVT0006-H02,EVT0006-OBS000,DERIVED-FROM,,,F3 backtrack
E000204,EVT0006,EVT0006-H02,EVT0006-ENV,DERIVED-FROM,,,forcing
E000205,EVT0006,EVT0006-H03,EVT0006-OBS000,DERIVED-FROM,,,F3 backtrack
E000206,EVT0006,EVT0006-H03,EVT0006-ENV,DERIVED-FROM,,,forcing
E000207,EVT0006,EVT0006-H04,EVT0006-OBS000,DERIVED-FROM,,,F3 backtrack
E000208,EVT0006,EVT0006-H04,EVT0006-ENV,DERIVED-FROM,,,forcing
E000209,EVT0006,EVT0006-H05,EVT0006-OBS000,DERIVED-FROM,,,F3 backtrack
E000210,EVT0006,EVT0006-H05,EVT0006-ENV,DERIVED-FROM,,,forcing
E000211,EVT0006,EVT0006-HBEST,EVT0006-OBS000,DERIVED-FROM,,,F3 backtrack
E000212,EVT0006,EVT0006-HBEST,EVT0006-ENV,DERIVED-FROM,,,forcing
E000213,EVT0007,EVT0007-H00,EVT0007-OBS000,DERIVED-FROM,,,F3 backtrack
E000214,EVT0007,EVT0007-H00,EVT0007-ENV,DERIVED-FROM,,,forcing
E000215,EVT0007,EVT0007-H01,EVT0007-OBS000,DERIVED-FROM,,,F3 backtrack
E000216,EVT0007,EVT0007-H01,EVT0007-ENV,DERIVED-FROM,,,forcing
E000217,EVT0007,EVT0007-H02,EVT0007-OBS000,DERIVED-FROM,,,F3 backtrack
E000218,EVT0007,EVT0007-H02,EVT0007-ENV,DERIVED-FROM,,,forcing
E000219,EVT0007,EVT0007-H03,EVT0007-OBS000,DERIVED-FROM,,,F3 backtrack
E000220,EVT0007,EVT0007-H03,EVT0007-ENV,DERIVED-FROM,,,forcing
E000221,EVT0007,EVT0007-H04,EVT0007-OBS000,DERIVED-FROM,,,F3 backtrack
E000222,EVT0007,EVT0007-H04,EVT0007-ENV,DERIVED-FROM,,,forcing
E000223,EVT0007,EVT0007-H05,EVT0007-OBS000,DERIVED-FROM,,,F3 backtrack
E000224,EVT0007,EVT0007-H05,EVT0007-ENV,DERIVED-FROM,,,forcing
E000225,EVT0007,EVT0007-HBEST,EVT0007-OBS000,DERIVED-FROM,,,F3 backtrack
E000226,EVT0007,EVT0007-HBEST,EVT0007-ENV,DERIVED-FROM,,,forcing
E000227,EVT0008,EVT0008-H00,EVT0008-OBS000,DERIVED-FROM,,,F3 backtrack
E000228,EVT0008,EVT0008-H00,EVT0008-ENV,DERIVED-FROM,,,forcing
E000229,EVT0008,EVT0008-H01,EVT0008-OBS000,DERIVED-FROM,,,F3 backtrack
E000230,EVT0008,EVT0008-H01,EVT0008-ENV,DERIVED-FROM,,,forcing
E000231,EVT0008,EVT0008-H02,EVT0008-OBS000,DERIVED-FROM,,,F3 backtrack
E000232,EVT0008,EVT0008-H02,EVT0008-ENV,DERIVED-FROM,,,forcing
E000233,EVT0008,EVT0008-H03,EVT0008-OBS000,DERIVED-FROM,,,F3 backtrack
E000234,EVT0008,EVT0008-H03,EVT0008-ENV,DERIVED-FROM,,,forcing
E000235,EVT0008,EVT0008-H04,EVT0008-OBS000,DERIVED-FROM,,,F3 backtrack
E000236,EVT0008,EVT0008-H04,EVT0008-ENV,DERIVED-FROM,,,forcing
E000237,EVT0008,EVT0008-H05,EVT0008-OBS000,DERIVED-FROM,,,F3 backtrack
E000238,EVT0008,EVT0008-H05,EVT0008-ENV,DERIVED-FROM,,,forcing
E000239,EVT0008,EVT0008-HBEST,EVT0008-OBS000,DERIVED-FROM,,,F3 backtrack
E000240,EVT0008,EVT0008-HBEST,EVT0008-ENV,DERIVED-FROM,,,forcing
E000241,EVT0009,EVT0009-H00,EVT0009-OBS000,DERIVED-FROM,,,F3 backtrack
E000242,EVT0009,EVT0009-H00,EVT0009-ENV,DERIVED-FROM,,,forcing
E000243,EVT0009,EVT0009-H01,EVT0009-OBS000,DERIVED-FROM,,,F3 backtrack
E000244,EVT0009,EVT0009-H01,EVT0009-ENV,DERIVED-FROM,,,forcing
E000245,EVT0009,EVT0009-H02,EVT0009-OBS000,DERIVED-FROM,,,F3 backtrack
E000246,EVT0009,EVT0009-H02,EVT0009-ENV,DERIVED-FROM,,,forcing
E000247,EVT0009,EVT0009-H03,EVT0009-OBS000,DERIVED-FROM,,,F3 backtrack
E000248,EVT0009,EVT0009-H03,EVT0009-ENV,DERIVED-FROM,,,forcing
E000249,EVT0009,EVT0009-H04,EVT0009-OBS000,DERIVED-FROM,,,F3 backtrack
E000250,EVT0009,EVT0009-H04,EVT0009-ENV,DERIVED-FROM,,,forcing
E000251,EVT0009,EVT0009-H05,EVT0009-OBS000,DERIVED-FROM,,,F3 backtrack
E000252,EVT0009,EVT0009-H05,EVT0009-ENV,DERIVED-FROM,,,forcing
E000253,EVT0009,EVT0009-HBEST,EVT0009-OBS000,DERIVED-FROM,,,F3 backtrack
E000254,EVT0009,EVT0009-HBEST,EVT0009-ENV,DERIVED-FROM,,,forcing
E000255,EVT0010,EVT0010-H00,EVT0010-OBS000,DERIVED-FROM,,,F3 backtrack
E000256,EVT0010,EVT0010-H00,EVT0010-ENV,DERIVED-FROM,,,forcing
E000257,EVT0010,EVT0010-H01,EVT0010-OBS000,DERIVED-FROM,,,F3 backtrack
E000258,EVT0010,EVT0010-H01,EVT0010-ENV,DERIVED-FROM,,,forcing
E000259,EVT0010,EVT0010-H02,EVT0010-OBS000,DERIVED-FROM,,,F3 backtrack
E000260,EVT0010,EVT0010-H02,EVT0010-ENV,DERIVED-FROM,,,forcing
E000261,EVT0010,EVT0010-H03,EVT0010-OBS000,DERIVED-FROM,,,F3 backtrack
E000262,EVT0010,EVT0010-H03,EVT0010-ENV,DERIVED-FROM,,,forcing
E000263,EVT0010,EVT0010-H04,EVT0010-OBS000,DERIVED-FROM,,,F3 backtrack
E000264,EVT0010,EVT0010-H04,EVT0010-ENV,DERIVED-FROM,,,forcing
E000265,EVT0010,EVT0010-H05,EVT0010-OBS000,DERIVED-FROM,,,F3 backtrack
E000266,EVT0010,EVT0010-H05,EVT0010-ENV,DERIVED-FROM,,,forcing
E000267,EVT0010,EVT0010-HBEST,EVT0010-OBS000,DERIVED-FROM,,,F3 backtrack
E000268,EVT0010,EVT0010-HBEST,EVT0010-ENV,DERIVED-FROM,,,forcing
E000269,EVT0011,EVT0011-H00,EVT0011-OBS000,DERIVED-FROM,,,F3 backtrack
E000270,EVT0011,EVT0011-H00,EVT0011-ENV,DERIVED-FROM,,,forcing
E000271,EVT0011,EVT0011-H01,EVT0011-OBS000,DERIVED-FROM,,,F3 backtrack
E000272,EVT0011,EVT0011-H01,EVT0011-ENV,DERIVED-FROM,,,forcing
E000273,EVT0011,EVT0011-H02,EVT0011-OBS000,DERIVED-FROM,,,F3 backtrack
E000274,EVT0011,EVT0011-H02,EVT0011-ENV,DERIVED-FROM,,,forcing
E000275,EVT0011,EVT0011-H03,EVT0011-OBS000,DERIVED-FROM,,,F3 backtrack
E000276,EVT0011,EVT0011-H03,EVT0011-ENV,DERIVED-FROM,,,forcing
E000277,EVT0011,EVT0011-H04,EVT0011-OBS000,DERIVED-FROM,,,F3 backtrack
E000278,EVT0011,EVT0011-H04,EVT0011-ENV,DERIVED-FROM,,,forcing
E000279,EVT0011,EVT0011-H05,EVT0011-OBS000,DERIVED-FROM,,,F3 backtrack
E000280,EVT0011,EVT0011-H05,EVT0011-ENV,DERIVED-FROM,,,forcing
E000281,EVT0011,EVT0011-HBEST,EVT0011-OBS000,DERIVED-FROM,,,F3 backtrack
E000282,EVT0011,EVT0011-HBEST,EVT0011-ENV,DERIVED-FROM,,,forcing
E000283,EVT0012,EVT0012-H00,EVT0012-OBS000,DERIVED-FROM,,,F3 backtrack
E000284,EVT0012,EVT0012-H00,EVT0012-ENV,DERIVED-FROM,,,forcing
E000285,EVT0012,EVT0012-H01,EVT0012-OBS000,DERIVED-FROM,,,F3 backtrack
E000286,EVT0012,EVT0012-H01,EVT0012-ENV,DERIVED-FROM,,,forcing
E000287,EVT0012,EVT0012-H02,EVT0012-OBS000,DERIVED-FROM,,,F3 backtrack
E000288,EVT0012,EVT0012-H02,EVT0012-ENV,DERIVED-FROM,,,forcing
E000289,EVT0012,EVT0012-H03,EVT0012-OBS000,DERIVED-FROM,,,F3 backtrack
E000290,EVT0012,EVT0012-H03,EVT0012-ENV,DERIVED-FROM,,,forcing
E000291,EVT0012,EVT0012-H04,EVT0012-OBS000,DERIVED-FROM,,,F3 backtrack
E000292,EVT0012,EVT0012-H04,EVT0012-ENV,DERIVED-FROM,,,forcing
E000293,EVT0012,EVT0012-H05,EVT0012-OBS000,DERIVED-FROM,,,F3 backtrack
E000294,EVT0012,EVT0012-H05,EVT0012-ENV,DERIVED-FROM,,,forcing
E000295,EVT0012,EVT0012-HBEST,EVT0012-OBS000,DERIVED-FROM,,,F3 backtrack
E000296,EVT0012,EVT0012-HBEST,EVT0012-ENV,DERIVED-FROM,,,forcing
E000297,EVT0002,EVT0002-V-480469227,EVT0002-HBEST,TEMPORALLY-COMPATIBLE,0.85,,F4 vs F3
E000298,EVT0003,EVT0003-V-527201014,EVT0003-HBEST,TEMPORALLY-COMPATIBLE,0.85,,F4 vs F3
E000299,EVT0004,EVT0004-V-666296434,EVT0004-HBEST,TEMPORALLY-COMPATIBLE,0.9957,,F4 vs F3
E000300,EVT0004,EVT0004-V-387800812,EVT0004-HBEST,TEMPORALLY-COMPATIBLE,0.85,,F4 vs F3
E000301,EVT0006,EVT0006-V-701271671,EVT0006-HBEST,TEMPORALLY-COMPATIBLE,0.9985,,F4 vs F3
E000302,EVT0007,EVT0007-V-427951534,EVT0007-HBEST,TEMPORALLY-COMPATIBLE,1.0,,F4 vs F3
E000303,EVT0008,EVT0008-V-425068991,EVT0008-HBEST,TEMPORALLY-COMPATIBLE,0.9986,,F4 vs F3
E000304,EVT0009,EVT0009-V-387800812,EVT0009-HBEST,TEMPORALLY-COMPATIBLE,0.85,,F4 vs F3
E000305,EVT0009,EVT0009-V-387871080,EVT0009-HBEST,TEMPORALLY-COMPATIBLE,0.85,,F4 vs F3
E000306,EVT0009,EVT0009-V-314502909,EVT0009-HBEST,TEMPORALLY-COMPATIBLE,0.85,,F4 vs F3
E000307,EVT0010,EVT0010-V-405267985,EVT0010-HBEST,TEMPORALLY-COMPATIBLE,1.0,,F4 vs F3
E000308,EVT0012,EVT0012-V-624609674,EVT0012-HBEST,TEMPORALLY-COMPATIBLE,0.85,,F4 vs F3
E000309,EVT0002,EVT0002-EV-F1F2,EVT0002-OBS000,DERIVED-FROM,,,F1_DETECTION
E000310,EVT0002,EVT0002-EV-F1F2,EVT0002-OBS001,DERIVED-FROM,,,F2_STATE
E000311,EVT0002,EVT0002-OBS000,EVT0002-OBS001,SUPPORTS,0.827,2026-01-14T03:24:19Z,EVT0002-EV-F1F2
E000312,EVT0002,EVT0002-EV-F2F3,EVT0002-OBS001,DERIVED-FROM,,,F2_DRIFT
E000313,EVT0002,EVT0002-EV-F2F3,EVT0002-HBEST,DERIVED-FROM,,,F3_FORCING
E000314,EVT0002,EVT0002-OBS001,EVT0002-HBEST,SUPPORTS,0.827,2026-01-14T03:24:19Z,EVT0002-EV-F2F3
E000315,EVT0002,EVT0002-EV-F3F4-480469227,EVT0002-HBEST,DERIVED-FROM,,,F3_SOURCE_HYPOTHESIS
E000316,EVT0002,EVT0002-EV-F3F4-480469227,EVT0002-V-480469227,DERIVED-FROM,,,F4_VESSEL_TRACK
E000317,EVT0002,EVT0002-HBEST,EVT0002-V-480469227,SUPPORTS,0.827,2026-01-12T16:04:39Z,EVT0002-EV-F3F4-480469227
E000318,EVT0002,EVT0002-EV-F3F4-427951534,EVT0002-HBEST,DERIVED-FROM,,,F3_SOURCE_HYPOTHESIS
E000319,EVT0002,EVT0002-EV-F3F4-427951534,EVT0002-V-427951534,DERIVED-FROM,,,F4_VESSEL_TRACK
E000320,EVT0002,EVT0002-EV-F3F4-592609471,EVT0002-HBEST,DERIVED-FROM,,,F3_SOURCE_HYPOTHESIS
E000321,EVT0002,EVT0002-EV-F3F4-592609471,EVT0002-V-592609471,DERIVED-FROM,,,F4_VESSEL_TRACK
E000322,EVT0002,EVT0002-HBEST,EVT0002-V-592609471,CONTRADICTS,0.827,2026-01-12T17:55:34Z,EVT0002-EV-F3F4-592609471
E000323,EVT0002,EVT0002-EV-F3F4-624609674,EVT0002-HBEST,DERIVED-FROM,,,F3_SOURCE_HYPOTHESIS
E000324,EVT0002,EVT0002-EV-F3F4-624609674,EVT0002-V-624609674,DERIVED-FROM,,,F4_VESSEL_TRACK
E000325,EVT0002,EVT0002-HBEST,EVT0002-V-624609674,CONTRADICTS,0.827,2026-01-13T19:47:25Z,EVT0002-EV-F3F4-624609674
E000326,EVT0002,EVT0002-EV-F3F4-425068991,EVT0002-HBEST,DERIVED-FROM,,,F3_SOURCE_HYPOTHESIS
E000327,EVT0002,EVT0002-EV-F3F4-425068991,EVT0002-V-425068991,DERIVED-FROM,,,F4_VESSEL_TRACK
E000328,EVT0002,EVT0002-HBEST,EVT0002-V-425068991,CONTRADICTS,0.827,2026-01-12T07:52:10Z,EVT0002-EV-F3F4-425068991
E000329,EVT0003,EVT0003-EV-F1F2,EVT0003-OBS000,DERIVED-FROM,,,F1_DETECTION
E000330,EVT0003,EVT0003-EV-F1F2,EVT0003-OBS001,DERIVED-FROM,,,F2_STATE
E000331,EVT0003,EVT0003-OBS000,EVT0003-OBS001,SUPPORTS,0.8534,2026-01-12T04:39:18Z,EVT0003-EV-F1F2
E000332,EVT0003,EVT0003-EV-F2F3,EVT0003-OBS001,DERIVED-FROM,,,F2_DRIFT
E000333,EVT0003,EVT0003-EV-F2F3,EVT0003-HBEST,DERIVED-FROM,,,F3_FORCING
E000334,EVT0003,EVT0003-OBS001,EVT0003-HBEST,SUPPORTS,0.8534,2026-01-12T04:39:18Z,EVT0003-EV-F2F3
E000335,EVT0003,EVT0003-EV-F3F4-527201014,EVT0003-HBEST,DERIVED-FROM,,,F3_SOURCE_HYPOTHESIS
E000336,EVT0003,EVT0003-EV-F3F4-527201014,EVT0003-V-527201014,DERIVED-FROM,,,F4_VESSEL_TRACK
E000337,EVT0003,EVT0003-HBEST,EVT0003-V-527201014,SUPPORTS,0.8534,2026-01-11T08:28:45Z,EVT0003-EV-F3F4-527201014
E000338,EVT0003,EVT0003-EV-F3F4-592609471,EVT0003-HBEST,DERIVED-FROM,,,F3_SOURCE_HYPOTHESIS
E000339,EVT0003,EVT0003-EV-F3F4-592609471,EVT0003-V-592609471,DERIVED-FROM,,,F4_VESSEL_TRACK
E000340,EVT0003,EVT0003-HBEST,EVT0003-V-592609471,CONTRADICTS,0.8534,2026-01-11T14:06:00Z,EVT0003-EV-F3F4-592609471
E000341,EVT0003,EVT0003-EV-F3F4-649261623,EVT0003-HBEST,DERIVED-FROM,,,F3_SOURCE_HYPOTHESIS
E000342,EVT0003,EVT0003-EV-F3F4-649261623,EVT0003-V-649261623,DERIVED-FROM,,,F4_VESSEL_TRACK
E000343,EVT0003,EVT0003-HBEST,EVT0003-V-649261623,CONTRADICTS,0.8534,2026-01-11T10:45:43Z,EVT0003-EV-F3F4-649261623
E000344,EVT0003,EVT0003-EV-F3F4-425068991,EVT0003-HBEST,DERIVED-FROM,,,F3_SOURCE_HYPOTHESIS
E000345,EVT0003,EVT0003-EV-F3F4-425068991,EVT0003-V-425068991,DERIVED-FROM,,,F4_VESSEL_TRACK
E000346,EVT0003,EVT0003-HBEST,EVT0003-V-425068991,CONTRADICTS,0.8534,2026-01-10T07:32:16Z,EVT0003-EV-F3F4-425068991
E000347,EVT0003,EVT0003-EV-F3F4-425372509,EVT0003-HBEST,DERIVED-FROM,,,F3_SOURCE_HYPOTHESIS
E000348,EVT0003,EVT0003-EV-F3F4-425372509,EVT0003-V-425372509,DERIVED-FROM,,,F4_VESSEL_TRACK
E000349,EVT0003,EVT0003-HBEST,EVT0003-V-425372509,CONTRADICTS,0.8534,2026-01-10T05:55:45Z,EVT0003-EV-F3F4-425372509
E000350,EVT0004,EVT0004-EV-F1F2,EVT0004-OBS000,DERIVED-FROM,,,F1_DETECTION
E000351,EVT0004,EVT0004-EV-F1F2,EVT0004-OBS001,DERIVED-FROM,,,F2_STATE
E000352,EVT0004,EVT0004-OBS000,EVT0004-OBS001,SUPPORTS,0.99,2026-01-07T11:51:13Z,EVT0004-EV-F1F2
E000353,EVT0004,EVT0004-EV-F2F3,EVT0004-OBS001,DERIVED-FROM,,,F2_DRIFT
E000354,EVT0004,EVT0004-EV-F2F3,EVT0004-HBEST,DERIVED-FROM,,,F3_FORCING
E000355,EVT0004,EVT0004-OBS001,EVT0004-HBEST,SUPPORTS,0.99,2026-01-07T11:51:13Z,EVT0004-EV-F2F3
E000356,EVT0004,EVT0004-EV-F3F4-666296434,EVT0004-HBEST,DERIVED-FROM,,,F3_SOURCE_HYPOTHESIS
E000357,EVT0004,EVT0004-EV-F3F4-666296434,EVT0004-V-666296434,DERIVED-FROM,,,F4_VESSEL_TRACK
E000358,EVT0004,EVT0004-HBEST,EVT0004-V-666296434,SUPPORTS,0.99,2026-01-06T05:40:49Z,EVT0004-EV-F3F4-666296434
E000359,EVT0004,EVT0004-EV-F3F4-387800812,EVT0004-HBEST,DERIVED-FROM,,,F3_SOURCE_HYPOTHESIS
E000360,EVT0004,EVT0004-EV-F3F4-387800812,EVT0004-V-387800812,DERIVED-FROM,,,F4_VESSEL_TRACK
E000361,EVT0004,EVT0004-EV-F3F4-701271671,EVT0004-HBEST,DERIVED-FROM,,,F3_SOURCE_HYPOTHESIS
E000362,EVT0004,EVT0004-EV-F3F4-701271671,EVT0004-V-701271671,DERIVED-FROM,,,F4_VESSEL_TRACK
E000363,EVT0004,EVT0004-EV-F3F4-405267985,EVT0004-HBEST,DERIVED-FROM,,,F3_SOURCE_HYPOTHESIS
E000364,EVT0004,EVT0004-EV-F3F4-405267985,EVT0004-V-405267985,DERIVED-FROM,,,F4_VESSEL_TRACK
E000365,EVT0004,EVT0004-HBEST,EVT0004-V-405267985,CONTRADICTS,0.99,2026-01-06T13:44:00Z,EVT0004-EV-F3F4-405267985
E000366,EVT0004,EVT0004-EV-F3F4-741731333,EVT0004-HBEST,DERIVED-FROM,,,F3_SOURCE_HYPOTHESIS
E000367,EVT0004,EVT0004-EV-F3F4-741731333,EVT0004-V-741731333,DERIVED-FROM,,,F4_VESSEL_TRACK
E000368,EVT0004,EVT0004-HBEST,EVT0004-V-741731333,CONTRADICTS,0.99,2026-01-05T16:52:47Z,EVT0004-EV-F3F4-741731333
E000369,EVT0005,EVT0005-EV-F1F2,EVT0005-OBS000,DERIVED-FROM,,,F1_DETECTION
E000370,EVT0005,EVT0005-EV-F1F2,EVT0005-OBS001,DERIVED-FROM,,,F2_STATE
E000371,EVT0005,EVT0005-OBS000,EVT0005-OBS001,SUPPORTS,0.8864,2026-01-13T20:00:25Z,EVT0005-EV-F1F2
E000372,EVT0005,EVT0005-EV-F2F3,EVT0005-OBS001,DERIVED-FROM,,,F2_DRIFT
E000373,EVT0005,EVT0005-EV-F2F3,EVT0005-HBEST,DERIVED-FROM,,,F3_FORCING
E000374,EVT0005,EVT0005-OBS001,EVT0005-HBEST,SUPPORTS,0.8864,2026-01-13T20:00:25Z,EVT0005-EV-F2F3
E000375,EVT0005,EVT0005-EV-F3F4-592609471,EVT0005-HBEST,DERIVED-FROM,,,F3_SOURCE_HYPOTHESIS
E000376,EVT0005,EVT0005-EV-F3F4-592609471,EVT0005-V-592609471,DERIVED-FROM,,,F4_VESSEL_TRACK
E000377,EVT0005,EVT0005-EV-F3F4-480469227,EVT0005-HBEST,DERIVED-FROM,,,F3_SOURCE_HYPOTHESIS
E000378,EVT0005,EVT0005-EV-F3F4-480469227,EVT0005-V-480469227,DERIVED-FROM,,,F4_VESSEL_TRACK
E000379,EVT0005,EVT0005-EV-F3F4-427951534,EVT0005-HBEST,DERIVED-FROM,,,F3_SOURCE_HYPOTHESIS
E000380,EVT0005,EVT0005-EV-F3F4-427951534,EVT0005-V-427951534,DERIVED-FROM,,,F4_VESSEL_TRACK
E000381,EVT0005,EVT0005-HBEST,EVT0005-V-427951534,CONTRADICTS,0.8864,2026-01-13T11:26:12Z,EVT0005-EV-F3F4-427951534
E000382,EVT0005,EVT0005-EV-F3F4-624609674,EVT0005-HBEST,DERIVED-FROM,,,F3_SOURCE_HYPOTHESIS
E000383,EVT0005,EVT0005-EV-F3F4-624609674,EVT0005-V-624609674,DERIVED-FROM,,,F4_VESSEL_TRACK
E000384,EVT0005,EVT0005-HBEST,EVT0005-V-624609674,CONTRADICTS,0.8864,2026-01-13T11:26:43Z,EVT0005-EV-F3F4-624609674
E000385,EVT0005,EVT0005-EV-F3F4-425068991,EVT0005-HBEST,DERIVED-FROM,,,F3_SOURCE_HYPOTHESIS
E000386,EVT0005,EVT0005-EV-F3F4-425068991,EVT0005-V-425068991,DERIVED-FROM,,,F4_VESSEL_TRACK
E000387,EVT0005,EVT0005-HBEST,EVT0005-V-425068991,CONTRADICTS,0.8864,2026-01-11T23:31:12Z,EVT0005-EV-F3F4-425068991
E000388,EVT0006,EVT0006-EV-F1F2,EVT0006-OBS000,DERIVED-FROM,,,F1_DETECTION
E000389,EVT0006,EVT0006-EV-F1F2,EVT0006-OBS001,DERIVED-FROM,,,F2_STATE
E000390,EVT0006,EVT0006-OBS000,EVT0006-OBS001,SUPPORTS,0.9567,2026-01-07T11:14:04Z,EVT0006-EV-F1F2
E000391,EVT0006,EVT0006-EV-F2F3,EVT0006-OBS001,DERIVED-FROM,,,F2_DRIFT
E000392,EVT0006,EVT0006-EV-F2F3,EVT0006-HBEST,DERIVED-FROM,,,F3_FORCING
E000393,EVT0006,EVT0006-OBS001,EVT0006-HBEST,SUPPORTS,0.9567,2026-01-07T11:14:04Z,EVT0006-EV-F2F3
E000394,EVT0006,EVT0006-EV-F3F4-701271671,EVT0006-HBEST,DERIVED-FROM,,,F3_SOURCE_HYPOTHESIS
E000395,EVT0006,EVT0006-EV-F3F4-701271671,EVT0006-V-701271671,DERIVED-FROM,,,F4_VESSEL_TRACK
E000396,EVT0006,EVT0006-HBEST,EVT0006-V-701271671,SUPPORTS,0.9567,2026-01-06T08:33:57Z,EVT0006-EV-F3F4-701271671
E000397,EVT0006,EVT0006-EV-F3F4-741731333,EVT0006-HBEST,DERIVED-FROM,,,F3_SOURCE_HYPOTHESIS
E000398,EVT0006,EVT0006-EV-F3F4-741731333,EVT0006-V-741731333,DERIVED-FROM,,,F4_VESSEL_TRACK
E000399,EVT0006,EVT0006-HBEST,EVT0006-V-741731333,CONTRADICTS,0.9567,2026-01-05T18:29:16Z,EVT0006-EV-F3F4-741731333
E000400,EVT0006,EVT0006-EV-F3F4-405267985,EVT0006-HBEST,DERIVED-FROM,,,F3_SOURCE_HYPOTHESIS
E000401,EVT0006,EVT0006-EV-F3F4-405267985,EVT0006-V-405267985,DERIVED-FROM,,,F4_VESSEL_TRACK
E000402,EVT0006,EVT0006-HBEST,EVT0006-V-405267985,CONTRADICTS,0.9567,2026-01-06T10:43:17Z,EVT0006-EV-F3F4-405267985
E000403,EVT0006,EVT0006-EV-F3F4-666296434,EVT0006-HBEST,DERIVED-FROM,,,F3_SOURCE_HYPOTHESIS
E000404,EVT0006,EVT0006-EV-F3F4-666296434,EVT0006-V-666296434,DERIVED-FROM,,,F4_VESSEL_TRACK
E000405,EVT0006,EVT0006-HBEST,EVT0006-V-666296434,CONTRADICTS,0.9567,2026-01-05T23:28:54Z,EVT0006-EV-F3F4-666296434
E000406,EVT0006,EVT0006-EV-F3F4-387871080,EVT0006-HBEST,DERIVED-FROM,,,F3_SOURCE_HYPOTHESIS
E000407,EVT0006,EVT0006-EV-F3F4-387871080,EVT0006-V-387871080,DERIVED-FROM,,,F4_VESSEL_TRACK
E000408,EVT0006,EVT0006-HBEST,EVT0006-V-387871080,CONTRADICTS,0.9567,2026-01-06T04:22:46Z,EVT0006-EV-F3F4-387871080
E000409,EVT0007,EVT0007-EV-F1F2,EVT0007-OBS000,DERIVED-FROM,,,F1_DETECTION
E000410,EVT0007,EVT0007-EV-F1F2,EVT0007-OBS001,DERIVED-FROM,,,F2_STATE
E000411,EVT0007,EVT0007-OBS000,EVT0007-OBS001,SUPPORTS,0.8832,2026-01-14T02:37:20Z,EVT0007-EV-F1F2
E000412,EVT0007,EVT0007-EV-F2F3,EVT0007-OBS001,DERIVED-FROM,,,F2_DRIFT
E000413,EVT0007,EVT0007-EV-F2F3,EVT0007-HBEST,DERIVED-FROM,,,F3_FORCING
E000414,EVT0007,EVT0007-OBS001,EVT0007-HBEST,SUPPORTS,0.8832,2026-01-14T02:37:20Z,EVT0007-EV-F2F3
E000415,EVT0007,EVT0007-EV-F3F4-427951534,EVT0007-HBEST,DERIVED-FROM,,,F3_SOURCE_HYPOTHESIS
E000416,EVT0007,EVT0007-EV-F3F4-427951534,EVT0007-V-427951534,DERIVED-FROM,,,F4_VESSEL_TRACK
E000417,EVT0007,EVT0007-HBEST,EVT0007-V-427951534,SUPPORTS,0.8832,2026-01-13T02:04:44Z,EVT0007-EV-F3F4-427951534
E000418,EVT0007,EVT0007-EV-F3F4-480469227,EVT0007-HBEST,DERIVED-FROM,,,F3_SOURCE_HYPOTHESIS
E000419,EVT0007,EVT0007-EV-F3F4-480469227,EVT0007-V-480469227,DERIVED-FROM,,,F4_VESSEL_TRACK
E000420,EVT0007,EVT0007-HBEST,EVT0007-V-480469227,CONTRADICTS,0.8832,2026-01-12T16:05:10Z,EVT0007-EV-F3F4-480469227
E000421,EVT0007,EVT0007-EV-F3F4-592609471,EVT0007-HBEST,DERIVED-FROM,,,F3_SOURCE_HYPOTHESIS
E000422,EVT0007,EVT0007-EV-F3F4-592609471,EVT0007-V-592609471,DERIVED-FROM,,,F4_VESSEL_TRACK
E000423,EVT0007,EVT0007-HBEST,EVT0007-V-592609471,CONTRADICTS,0.8832,2026-01-12T16:39:28Z,EVT0007-EV-F3F4-592609471
E000424,EVT0007,EVT0007-EV-F3F4-624609674,EVT0007-HBEST,DERIVED-FROM,,,F3_SOURCE_HYPOTHESIS
E000425,EVT0007,EVT0007-EV-F3F4-624609674,EVT0007-V-624609674,DERIVED-FROM,,,F4_VESSEL_TRACK
E000426,EVT0007,EVT0007-HBEST,EVT0007-V-624609674,CONTRADICTS,0.8832,2026-01-13T10:44:02Z,EVT0007-EV-F3F4-624609674
E000427,EVT0007,EVT0007-EV-F3F4-425068991,EVT0007-HBEST,DERIVED-FROM,,,F3_SOURCE_HYPOTHESIS
E000428,EVT0007,EVT0007-EV-F3F4-425068991,EVT0007-V-425068991,DERIVED-FROM,,,F4_VESSEL_TRACK
E000429,EVT0007,EVT0007-HBEST,EVT0007-V-425068991,CONTRADICTS,0.8832,2026-01-11T22:49:18Z,EVT0007-EV-F3F4-425068991
E000430,EVT0008,EVT0008-EV-F1F2,EVT0008-OBS000,DERIVED-FROM,,,F1_DETECTION
E000431,EVT0008,EVT0008-EV-F1F2,EVT0008-OBS001,DERIVED-FROM,,,F2_STATE
E000432,EVT0008,EVT0008-OBS000,EVT0008-OBS001,SUPPORTS,0.9473,2026-01-12T03:40:53Z,EVT0008-EV-F1F2
E000433,EVT0008,EVT0008-EV-F2F3,EVT0008-OBS001,DERIVED-FROM,,,F2_DRIFT
E000434,EVT0008,EVT0008-EV-F2F3,EVT0008-HBEST,DERIVED-FROM,,,F3_FORCING
E000435,EVT0008,EVT0008-OBS001,EVT0008-HBEST,SUPPORTS,0.9473,2026-01-12T03:40:53Z,EVT0008-EV-F2F3
E000436,EVT0008,EVT0008-EV-F3F4-425068991,EVT0008-HBEST,DERIVED-FROM,,,F3_SOURCE_HYPOTHESIS
E000437,EVT0008,EVT0008-EV-F3F4-425068991,EVT0008-V-425068991,DERIVED-FROM,,,F4_VESSEL_TRACK
E000438,EVT0008,EVT0008-HBEST,EVT0008-V-425068991,SUPPORTS,0.9473,2026-01-11T01:23:39Z,EVT0008-EV-F3F4-425068991
E000439,EVT0008,EVT0008-EV-F3F4-394390438,EVT0008-HBEST,DERIVED-FROM,,,F3_SOURCE_HYPOTHESIS
E000440,EVT0008,EVT0008-EV-F3F4-394390438,EVT0008-V-394390438,DERIVED-FROM,,,F4_VESSEL_TRACK
E000441,EVT0008,EVT0008-EV-F3F4-649261623,EVT0008-HBEST,DERIVED-FROM,,,F3_SOURCE_HYPOTHESIS
E000442,EVT0008,EVT0008-EV-F3F4-649261623,EVT0008-V-649261623,DERIVED-FROM,,,F4_VESSEL_TRACK
E000443,EVT0008,EVT0008-EV-F3F4-527201014,EVT0008-HBEST,DERIVED-FROM,,,F3_SOURCE_HYPOTHESIS
E000444,EVT0008,EVT0008-EV-F3F4-527201014,EVT0008-V-527201014,DERIVED-FROM,,,F4_VESSEL_TRACK
E000445,EVT0008,EVT0008-HBEST,EVT0008-V-527201014,CONTRADICTS,0.9473,2026-01-11T04:25:38Z,EVT0008-EV-F3F4-527201014
E000446,EVT0008,EVT0008-EV-F3F4-425372509,EVT0008-HBEST,DERIVED-FROM,,,F3_SOURCE_HYPOTHESIS
E000447,EVT0008,EVT0008-EV-F3F4-425372509,EVT0008-V-425372509,DERIVED-FROM,,,F4_VESSEL_TRACK
E000448,EVT0008,EVT0008-HBEST,EVT0008-V-425372509,CONTRADICTS,0.9473,2026-01-10T06:14:14Z,EVT0008-EV-F3F4-425372509
E000449,EVT0009,EVT0009-EV-F1F2,EVT0009-OBS000,DERIVED-FROM,,,F1_DETECTION
E000450,EVT0009,EVT0009-EV-F1F2,EVT0009-OBS001,DERIVED-FROM,,,F2_STATE
E000451,EVT0009,EVT0009-OBS000,EVT0009-OBS001,SUPPORTS,0.8952,2026-01-07T15:58:32Z,EVT0009-EV-F1F2
E000452,EVT0009,EVT0009-EV-F2F3,EVT0009-OBS001,DERIVED-FROM,,,F2_DRIFT
E000453,EVT0009,EVT0009-EV-F2F3,EVT0009-HBEST,DERIVED-FROM,,,F3_FORCING
E000454,EVT0009,EVT0009-OBS001,EVT0009-HBEST,SUPPORTS,0.8952,2026-01-07T15:58:32Z,EVT0009-EV-F2F3
E000455,EVT0009,EVT0009-EV-F3F4-387800812,EVT0009-HBEST,DERIVED-FROM,,,F3_SOURCE_HYPOTHESIS
E000456,EVT0009,EVT0009-EV-F3F4-387800812,EVT0009-V-387800812,DERIVED-FROM,,,F4_VESSEL_TRACK
E000457,EVT0009,EVT0009-EV-F3F4-387871080,EVT0009-HBEST,DERIVED-FROM,,,F3_SOURCE_HYPOTHESIS
E000458,EVT0009,EVT0009-EV-F3F4-387871080,EVT0009-V-387871080,DERIVED-FROM,,,F4_VESSEL_TRACK
E000459,EVT0009,EVT0009-EV-F3F4-314502909,EVT0009-HBEST,DERIVED-FROM,,,F3_SOURCE_HYPOTHESIS
E000460,EVT0009,EVT0009-EV-F3F4-314502909,EVT0009-V-314502909,DERIVED-FROM,,,F4_VESSEL_TRACK
E000461,EVT0009,EVT0009-EV-F3F4-741731333,EVT0009-HBEST,DERIVED-FROM,,,F3_SOURCE_HYPOTHESIS
E000462,EVT0009,EVT0009-EV-F3F4-741731333,EVT0009-V-741731333,DERIVED-FROM,,,F4_VESSEL_TRACK
E000463,EVT0009,EVT0009-EV-F3F4-405267985,EVT0009-HBEST,DERIVED-FROM,,,F3_SOURCE_HYPOTHESIS
E000464,EVT0009,EVT0009-EV-F3F4-405267985,EVT0009-V-405267985,DERIVED-FROM,,,F4_VESSEL_TRACK
E000465,EVT0009,EVT0009-HBEST,EVT0009-V-405267985,CONTRADICTS,0.8952,2026-01-06T22:28:23Z,EVT0009-EV-F3F4-405267985
E000466,EVT0010,EVT0010-EV-F1F2,EVT0010-OBS000,DERIVED-FROM,,,F1_DETECTION
E000467,EVT0010,EVT0010-EV-F1F2,EVT0010-OBS001,DERIVED-FROM,,,F2_STATE
E000468,EVT0010,EVT0010-OBS000,EVT0010-OBS001,SUPPORTS,0.967,2026-01-07T20:51:16Z,EVT0010-EV-F1F2
E000469,EVT0010,EVT0010-EV-F2F3,EVT0010-OBS001,DERIVED-FROM,,,F2_DRIFT
E000470,EVT0010,EVT0010-EV-F2F3,EVT0010-HBEST,DERIVED-FROM,,,F3_FORCING
E000471,EVT0010,EVT0010-OBS001,EVT0010-HBEST,SUPPORTS,0.967,2026-01-07T20:51:16Z,EVT0010-EV-F2F3
E000472,EVT0010,EVT0010-EV-F3F4-405267985,EVT0010-HBEST,DERIVED-FROM,,,F3_SOURCE_HYPOTHESIS
E000473,EVT0010,EVT0010-EV-F3F4-405267985,EVT0010-V-405267985,DERIVED-FROM,,,F4_VESSEL_TRACK
E000474,EVT0010,EVT0010-EV-F3F4-666296434,EVT0010-HBEST,DERIVED-FROM,,,F3_SOURCE_HYPOTHESIS
E000475,EVT0010,EVT0010-EV-F3F4-666296434,EVT0010-V-666296434,DERIVED-FROM,,,F4_VESSEL_TRACK
E000476,EVT0010,EVT0010-HBEST,EVT0010-V-666296434,CONTRADICTS,0.967,2026-01-06T00:54:58Z,EVT0010-EV-F3F4-666296434
E000477,EVT0010,EVT0010-EV-F3F4-701271671,EVT0010-HBEST,DERIVED-FROM,,,F3_SOURCE_HYPOTHESIS
E000478,EVT0010,EVT0010-EV-F3F4-701271671,EVT0010-V-701271671,DERIVED-FROM,,,F4_VESSEL_TRACK
E000479,EVT0010,EVT0010-HBEST,EVT0010-V-701271671,CONTRADICTS,0.967,2026-01-06T05:11:32Z,EVT0010-EV-F3F4-701271671
E000480,EVT0010,EVT0010-EV-F3F4-741731333,EVT0010-HBEST,DERIVED-FROM,,,F3_SOURCE_HYPOTHESIS
E000481,EVT0010,EVT0010-EV-F3F4-741731333,EVT0010-V-741731333,DERIVED-FROM,,,F4_VESSEL_TRACK
E000482,EVT0010,EVT0010-HBEST,EVT0010-V-741731333,CONTRADICTS,0.967,2026-01-05T20:48:23Z,EVT0010-EV-F3F4-741731333
E000483,EVT0010,EVT0010-EV-F3F4-387871080,EVT0010-HBEST,DERIVED-FROM,,,F3_SOURCE_HYPOTHESIS
E000484,EVT0010,EVT0010-EV-F3F4-387871080,EVT0010-V-387871080,DERIVED-FROM,,,F4_VESSEL_TRACK
E000485,EVT0010,EVT0010-HBEST,EVT0010-V-387871080,CONTRADICTS,0.967,2026-01-06T02:02:42Z,EVT0010-EV-F3F4-387871080
E000486,EVT0011,EVT0011-EV-F1F2,EVT0011-OBS000,DERIVED-FROM,,,F1_DETECTION
E000487,EVT0011,EVT0011-EV-F1F2,EVT0011-OBS001,DERIVED-FROM,,,F2_STATE
E000488,EVT0011,EVT0011-OBS000,EVT0011-OBS001,SUPPORTS,0.9548,2026-01-09T02:49:40Z,EVT0011-EV-F1F2
E000489,EVT0011,EVT0011-EV-F2F3,EVT0011-OBS001,DERIVED-FROM,,,F2_DRIFT
E000490,EVT0011,EVT0011-EV-F2F3,EVT0011-HBEST,DERIVED-FROM,,,F3_FORCING
E000491,EVT0011,EVT0011-OBS001,EVT0011-HBEST,SUPPORTS,0.9548,2026-01-09T02:49:40Z,EVT0011-EV-F2F3
E000492,EVT0011,EVT0011-EV-F3F4-611252685,EVT0011-HBEST,DERIVED-FROM,,,F3_SOURCE_HYPOTHESIS
E000493,EVT0011,EVT0011-EV-F3F4-611252685,EVT0011-V-611252685,DERIVED-FROM,,,F4_VESSEL_TRACK
E000494,EVT0011,EVT0011-EV-F3F4-329813634,EVT0011-HBEST,DERIVED-FROM,,,F3_SOURCE_HYPOTHESIS
E000495,EVT0011,EVT0011-EV-F3F4-329813634,EVT0011-V-329813634,DERIVED-FROM,,,F4_VESSEL_TRACK
E000496,EVT0011,EVT0011-HBEST,EVT0011-V-329813634,CONTRADICTS,0.9548,2026-01-08T09:41:56Z,EVT0011-EV-F3F4-329813634
E000497,EVT0011,EVT0011-EV-F3F4-554315731,EVT0011-HBEST,DERIVED-FROM,,,F3_SOURCE_HYPOTHESIS
E000498,EVT0011,EVT0011-EV-F3F4-554315731,EVT0011-V-554315731,DERIVED-FROM,,,F4_VESSEL_TRACK
E000499,EVT0011,EVT0011-HBEST,EVT0011-V-554315731,CONTRADICTS,0.9548,2026-01-07T07:25:45Z,EVT0011-EV-F3F4-554315731
E000500,EVT0011,EVT0011-EV-F3F4-725796285,EVT0011-HBEST,DERIVED-FROM,,,F3_SOURCE_HYPOTHESIS
E000501,EVT0011,EVT0011-EV-F3F4-725796285,EVT0011-V-725796285,DERIVED-FROM,,,F4_VESSEL_TRACK
E000502,EVT0011,EVT0011-HBEST,EVT0011-V-725796285,CONTRADICTS,0.9548,2026-01-08T02:16:28Z,EVT0011-EV-F3F4-725796285
E000503,EVT0011,EVT0011-EV-F3F4-692133145,EVT0011-HBEST,DERIVED-FROM,,,F3_SOURCE_HYPOTHESIS
E000504,EVT0011,EVT0011-EV-F3F4-692133145,EVT0011-V-692133145,DERIVED-FROM,,,F4_VESSEL_TRACK
E000505,EVT0011,EVT0011-HBEST,EVT0011-V-692133145,CONTRADICTS,0.9548,2026-01-08T05:38:17Z,EVT0011-EV-F3F4-692133145
E000506,EVT0012,EVT0012-EV-F1F2,EVT0012-OBS000,DERIVED-FROM,,,F1_DETECTION
E000507,EVT0012,EVT0012-EV-F1F2,EVT0012-OBS001,DERIVED-FROM,,,F2_STATE
E000508,EVT0012,EVT0012-OBS000,EVT0012-OBS001,SUPPORTS,0.9424,2026-01-14T02:09:38Z,EVT0012-EV-F1F2
E000509,EVT0012,EVT0012-EV-F2F3,EVT0012-OBS001,DERIVED-FROM,,,F2_DRIFT
E000510,EVT0012,EVT0012-EV-F2F3,EVT0012-HBEST,DERIVED-FROM,,,F3_FORCING
E000511,EVT0012,EVT0012-OBS001,EVT0012-HBEST,SUPPORTS,0.9424,2026-01-14T02:09:38Z,EVT0012-EV-F2F3
E000512,EVT0012,EVT0012-EV-F3F4-624609674,EVT0012-HBEST,DERIVED-FROM,,,F3_SOURCE_HYPOTHESIS
E000513,EVT0012,EVT0012-EV-F3F4-624609674,EVT0012-V-624609674,DERIVED-FROM,,,F4_VESSEL_TRACK
E000514,EVT0012,EVT0012-EV-F3F4-592609471,EVT0012-HBEST,DERIVED-FROM,,,F3_SOURCE_HYPOTHESIS
E000515,EVT0012,EVT0012-EV-F3F4-592609471,EVT0012-V-592609471,DERIVED-FROM,,,F4_VESSEL_TRACK
E000516,EVT0012,EVT0012-HBEST,EVT0012-V-592609471,CONTRADICTS,0.9424,2026-01-11T22:47:26Z,EVT0012-EV-F3F4-592609471
E000517,EVT0012,EVT0012-EV-F3F4-480469227,EVT0012-HBEST,DERIVED-FROM,,,F3_SOURCE_HYPOTHESIS
E000518,EVT0012,EVT0012-EV-F3F4-480469227,EVT0012-V-480469227,DERIVED-FROM,,,F4_VESSEL_TRACK
E000519,EVT0012,EVT0012-HBEST,EVT0012-V-480469227,CONTRADICTS,0.9424,2026-01-13T10:41:11Z,EVT0012-EV-F3F4-480469227
E000520,EVT0012,EVT0012-EV-F3F4-425068991,EVT0012-HBEST,DERIVED-FROM,,,F3_SOURCE_HYPOTHESIS
E000521,EVT0012,EVT0012-EV-F3F4-425068991,EVT0012-V-425068991,DERIVED-FROM,,,F4_VESSEL_TRACK
E000522,EVT0012,EVT0012-HBEST,EVT0012-V-425068991,CONTRADICTS,0.9424,2026-01-11T22:45:16Z,EVT0012-EV-F3F4-425068991
E000523,EVT0012,EVT0012-EV-F3F4-427951534,EVT0012-HBEST,DERIVED-FROM,,,F3_SOURCE_HYPOTHESIS
E000524,EVT0012,EVT0012-EV-F3F4-427951534,EVT0012-V-427951534,DERIVED-FROM,,,F4_VESSEL_TRACK
E000525,EVT0012,EVT0012-HBEST,EVT0012-V-427951534,CONTRADICTS,0.9424,2026-01-13T10:40:31Z,EVT0012-EV-F3F4-427951534
E000526,EVT0002,EVT0002-FC02-H12,EVT0002-OBS003,DERIVED-FROM,,,F8 forward run
E000527,EVT0002,EVT0002-FC02-H12,EVT0002-ENV,DERIVED-FROM,,,forecast forcing
E000528,EVT0002,EVT0002-FC02-H24,EVT0002-OBS003,DERIVED-FROM,,,F8 forward run
E000529,EVT0002,EVT0002-FC02-H24,EVT0002-ENV,DERIVED-FROM,,,forecast forcing
E000530,EVT0002,EVT0002-FC02-H48,EVT0002-OBS003,DERIVED-FROM,,,F8 forward run
E000531,EVT0002,EVT0002-FC02-H48,EVT0002-ENV,DERIVED-FROM,,,forecast forcing
E000532,EVT0002,EVT0002-FC02-H72,EVT0002-OBS003,DERIVED-FROM,,,F8 forward run
E000533,EVT0002,EVT0002-FC02-H72,EVT0002-ENV,DERIVED-FROM,,,forecast forcing
E000534,EVT0003,EVT0003-FC02-H12,EVT0003-OBS002,DERIVED-FROM,,,F8 forward run
E000535,EVT0003,EVT0003-FC02-H12,EVT0003-ENV,DERIVED-FROM,,,forecast forcing
E000536,EVT0003,EVT0003-FC02-H24,EVT0003-OBS002,DERIVED-FROM,,,F8 forward run
E000537,EVT0003,EVT0003-FC02-H24,EVT0003-ENV,DERIVED-FROM,,,forecast forcing
E000538,EVT0003,EVT0003-FC02-H48,EVT0003-OBS002,DERIVED-FROM,,,F8 forward run
E000539,EVT0003,EVT0003-FC02-H48,EVT0003-ENV,DERIVED-FROM,,,forecast forcing
E000540,EVT0003,EVT0003-FC02-H72,EVT0003-OBS002,DERIVED-FROM,,,F8 forward run
E000541,EVT0003,EVT0003-FC02-H72,EVT0003-ENV,DERIVED-FROM,,,forecast forcing
E000542,EVT0004,EVT0004-FC02-H12,EVT0004-OBS002,DERIVED-FROM,,,F8 forward run
E000543,EVT0004,EVT0004-FC02-H12,EVT0004-ENV,DERIVED-FROM,,,forecast forcing
E000544,EVT0004,EVT0004-FC02-H24,EVT0004-OBS002,DERIVED-FROM,,,F8 forward run
E000545,EVT0004,EVT0004-FC02-H24,EVT0004-ENV,DERIVED-FROM,,,forecast forcing
E000546,EVT0004,EVT0004-FC02-H48,EVT0004-OBS002,DERIVED-FROM,,,F8 forward run
E000547,EVT0004,EVT0004-FC02-H48,EVT0004-ENV,DERIVED-FROM,,,forecast forcing
E000548,EVT0004,EVT0004-FC02-H72,EVT0004-OBS002,DERIVED-FROM,,,F8 forward run
E000549,EVT0004,EVT0004-FC02-H72,EVT0004-ENV,DERIVED-FROM,,,forecast forcing
E000550,EVT0005,EVT0005-FC02-H12,EVT0005-OBS002,DERIVED-FROM,,,F8 forward run
E000551,EVT0005,EVT0005-FC02-H12,EVT0005-ENV,DERIVED-FROM,,,forecast forcing
E000552,EVT0005,EVT0005-FC02-H24,EVT0005-OBS002,DERIVED-FROM,,,F8 forward run
E000553,EVT0005,EVT0005-FC02-H24,EVT0005-ENV,DERIVED-FROM,,,forecast forcing
E000554,EVT0005,EVT0005-FC02-H48,EVT0005-OBS002,DERIVED-FROM,,,F8 forward run
E000555,EVT0005,EVT0005-FC02-H48,EVT0005-ENV,DERIVED-FROM,,,forecast forcing
E000556,EVT0005,EVT0005-FC02-H72,EVT0005-OBS002,DERIVED-FROM,,,F8 forward run
E000557,EVT0005,EVT0005-FC02-H72,EVT0005-ENV,DERIVED-FROM,,,forecast forcing
E000558,EVT0006,EVT0006-FC02-H12,EVT0006-OBS002,DERIVED-FROM,,,F8 forward run
E000559,EVT0006,EVT0006-FC02-H12,EVT0006-ENV,DERIVED-FROM,,,forecast forcing
E000560,EVT0006,EVT0006-FC02-H24,EVT0006-OBS002,DERIVED-FROM,,,F8 forward run
E000561,EVT0006,EVT0006-FC02-H24,EVT0006-ENV,DERIVED-FROM,,,forecast forcing
E000562,EVT0006,EVT0006-FC02-H48,EVT0006-OBS002,DERIVED-FROM,,,F8 forward run
E000563,EVT0006,EVT0006-FC02-H48,EVT0006-ENV,DERIVED-FROM,,,forecast forcing
E000564,EVT0006,EVT0006-FC02-H72,EVT0006-OBS002,DERIVED-FROM,,,F8 forward run
E000565,EVT0006,EVT0006-FC02-H72,EVT0006-ENV,DERIVED-FROM,,,forecast forcing
E000566,EVT0007,EVT0007-FC02-H12,EVT0007-OBS002,DERIVED-FROM,,,F8 forward run
E000567,EVT0007,EVT0007-FC02-H12,EVT0007-ENV,DERIVED-FROM,,,forecast forcing
E000568,EVT0007,EVT0007-FC02-H24,EVT0007-OBS002,DERIVED-FROM,,,F8 forward run
E000569,EVT0007,EVT0007-FC02-H24,EVT0007-ENV,DERIVED-FROM,,,forecast forcing
E000570,EVT0007,EVT0007-FC02-H48,EVT0007-OBS002,DERIVED-FROM,,,F8 forward run
E000571,EVT0007,EVT0007-FC02-H48,EVT0007-ENV,DERIVED-FROM,,,forecast forcing
E000572,EVT0007,EVT0007-FC02-H72,EVT0007-OBS002,DERIVED-FROM,,,F8 forward run
E000573,EVT0007,EVT0007-FC02-H72,EVT0007-ENV,DERIVED-FROM,,,forecast forcing
E000574,EVT0008,EVT0008-FC02-H12,EVT0008-OBS002,DERIVED-FROM,,,F8 forward run
E000575,EVT0008,EVT0008-FC02-H12,EVT0008-ENV,DERIVED-FROM,,,forecast forcing
E000576,EVT0008,EVT0008-FC02-H24,EVT0008-OBS002,DERIVED-FROM,,,F8 forward run
E000577,EVT0008,EVT0008-FC02-H24,EVT0008-ENV,DERIVED-FROM,,,forecast forcing
E000578,EVT0008,EVT0008-FC02-H48,EVT0008-OBS002,DERIVED-FROM,,,F8 forward run
E000579,EVT0008,EVT0008-FC02-H48,EVT0008-ENV,DERIVED-FROM,,,forecast forcing
E000580,EVT0008,EVT0008-FC02-H72,EVT0008-OBS002,DERIVED-FROM,,,F8 forward run
E000581,EVT0008,EVT0008-FC02-H72,EVT0008-ENV,DERIVED-FROM,,,forecast forcing
E000582,EVT0009,EVT0009-FC02-H12,EVT0009-OBS003,DERIVED-FROM,,,F8 forward run
E000583,EVT0009,EVT0009-FC02-H12,EVT0009-ENV,DERIVED-FROM,,,forecast forcing
E000584,EVT0009,EVT0009-FC02-H24,EVT0009-OBS003,DERIVED-FROM,,,F8 forward run
E000585,EVT0009,EVT0009-FC02-H24,EVT0009-ENV,DERIVED-FROM,,,forecast forcing
E000586,EVT0009,EVT0009-FC02-H48,EVT0009-OBS003,DERIVED-FROM,,,F8 forward run
E000587,EVT0009,EVT0009-FC02-H48,EVT0009-ENV,DERIVED-FROM,,,forecast forcing
E000588,EVT0009,EVT0009-FC02-H72,EVT0009-OBS003,DERIVED-FROM,,,F8 forward run
E000589,EVT0009,EVT0009-FC02-H72,EVT0009-ENV,DERIVED-FROM,,,forecast forcing
E000590,EVT0010,EVT0010-FC02-H12,EVT0010-OBS002,DERIVED-FROM,,,F8 forward run
E000591,EVT0010,EVT0010-FC02-H12,EVT0010-ENV,DERIVED-FROM,,,forecast forcing
E000592,EVT0010,EVT0010-FC02-H24,EVT0010-OBS002,DERIVED-FROM,,,F8 forward run
E000593,EVT0010,EVT0010-FC02-H24,EVT0010-ENV,DERIVED-FROM,,,forecast forcing
E000594,EVT0010,EVT0010-FC02-H48,EVT0010-OBS002,DERIVED-FROM,,,F8 forward run
E000595,EVT0010,EVT0010-FC02-H48,EVT0010-ENV,DERIVED-FROM,,,forecast forcing
E000596,EVT0010,EVT0010-FC02-H72,EVT0010-OBS002,DERIVED-FROM,,,F8 forward run
E000597,EVT0010,EVT0010-FC02-H72,EVT0010-ENV,DERIVED-FROM,,,forecast forcing
E000598,EVT0011,EVT0011-FC02-H12,EVT0011-OBS002,DERIVED-FROM,,,F8 forward run
E000599,EVT0011,EVT0011-FC02-H12,EVT0011-ENV,DERIVED-FROM,,,forecast forcing
E000600,EVT0011,EVT0011-FC02-H24,EVT0011-OBS002,DERIVED-FROM,,,F8 forward run
E000601,EVT0011,EVT0011-FC02-H24,EVT0011-ENV,DERIVED-FROM,,,forecast forcing
E000602,EVT0011,EVT0011-FC02-H48,EVT0011-OBS002,DERIVED-FROM,,,F8 forward run
E000603,EVT0011,EVT0011-FC02-H48,EVT0011-ENV,DERIVED-FROM,,,forecast forcing
E000604,EVT0011,EVT0011-FC02-H72,EVT0011-OBS002,DERIVED-FROM,,,F8 forward run
E000605,EVT0011,EVT0011-FC02-H72,EVT0011-ENV,DERIVED-FROM,,,forecast forcing
E000606,EVT0012,EVT0012-FC02-H12,EVT0012-OBS002,DERIVED-FROM,,,F8 forward run
E000607,EVT0012,EVT0012-FC02-H12,EVT0012-ENV,DERIVED-FROM,,,forecast forcing
E000608,EVT0012,EVT0012-FC02-H24,EVT0012-OBS002,DERIVED-FROM,,,F8 forward run
E000609,EVT0012,EVT0012-FC02-H24,EVT0012-ENV,DERIVED-FROM,,,forecast forcing
E000610,EVT0012,EVT0012-FC02-H48,EVT0012-OBS002,DERIVED-FROM,,,F8 forward run
E000611,EVT0012,EVT0012-FC02-H48,EVT0012-ENV,DERIVED-FROM,,,forecast forcing
E000612,EVT0012,EVT0012-FC02-H72,EVT0012-OBS002,DERIVED-FROM,,,F8 forward run
E000613,EVT0012,EVT0012-FC02-H72,EVT0012-ENV,DERIVED-FROM,,,forecast forcing
