node_id,event_id,node_type,timestamp,latitude,longitude,confidence,uncertainty,provenance
EVT0001-OBS000,EVT0001,SPILL_OBSERVATION,2026-01-09T16:00:22Z,38.363357,21.147173,0.99,,scene:S1_EVT0001_02
S1_EVT0001_02,EVT0001,SPILL_OBSERVATION,2026-01-09T16:00:22Z,,,,,D1
EVT0001-ENV,EVT0001,ENVIRONMENTAL_STATE,,,,,,ERA5+CMEMS(synthetic)
EVT0002-OBS000,EVT0002,SPILL_OBSERVATION,2026-01-13T13:49:27Z,38.120844,18.311143,0.956,,scene:S1_EVT0002_01
S1_EVT0002_01,EVT0002,SPILL_OBSERVATION,2026-01-13T13:49:27Z,,,,,D1
EVT0002-ENV,EVT0002,ENVIRONMENTAL_STATE,,,,,,ERA5+CMEMS(synthetic)
EVT0002-OBS001,EVT0002,SPILL_OBSERVATION,2026-01-14T03:24:19Z,38.25828,18.462408,0.817,,scene:S1_EVT0002_02
S1_EVT0002_02,EVT0002,SPILL_OBSERVATION,2026-01-14T03:24:19Z,,,,,D1
EVT0002-OBS003,EVT0002,SPILL_OBSERVATION,2026-01-15T14:36:21Z,38.4353,18.471869,0.981,,scene:S1_EVT0002_04
S1_EVT0002_04,EVT0002,SPILL_OBSERVATION,2026-01-15T14:36:21Z,,,,,D1
EVT0002-OBS004,EVT0002,SPILL_OBSERVATION,2026-01-16T07:34:03Z,38.567269,18.434904,0.554,,scene:S1_EVT0002_05
S1_EVT0002_05,EVT0002,SPILL_OBSERVATION,2026-01-16T07:34:03Z,,,,,D1
EVT0003-OBS000,EVT0003,SPILL_OBSERVATION,2026-01-11T11:52:26Z,35.89882,18.863885,0.769,,scene:S1_EVT0003_00
S1_EVT0003_00,EVT0003,SPILL_OBSERVATION,2026-01-11T11:52:26Z,,,,,D1
EVT0003-ENV,EVT0003,ENVIRONMENTAL_STATE,,,,,,ERA5+CMEMS(synthetic)
EVT0003-OBS001,EVT0003,SPILL_OBSERVATION,2026-01-12T04:39:18Z,36.012905,19.090642,0.99,,scene:S1_EVT0003_01
S1_EVT0003_01,EVT0003,SPILL_OBSERVATION,2026-01-12T04:39:18Z,,,,,D1
EVT0003-OBS002,EVT0003,SPILL_OBSERVATION,2026-01-12T22:10:05Z,36.253898,19.092267,0.8,,scene:S1_EVT0003_02
S1_EVT0003_02,EVT0003,SPILL_OBSERVATION,2026-01-12T22:10:05Z,,,,,D1
EVT0003-OBS003,EVT0003,SPILL_OBSERVATION,2026-01-13T15:15:59Z,36.403041,19.307598,0.775,,scene:S1_EVT0003_03
S1_EVT0003_03,EVT0003,SPILL_OBSERVATION,2026-01-13T15:15:59Z,,,,,D1
EVT0003-OBS004,EVT0003,SPILL_OBSERVATION,2026-01-14T06:04:23Z,36.631101,19.443898,0.902,,scene:S1_EVT0003_04
S1_EVT0003_04,EVT0003,SPILL_OBSERVATION,2026-01-14T06:04:23Z,,,,,D1
EVT0003-OBS006,EVT0003,SPILL_OBSERVATION,2026-01-15T16:42:11Z,37.09319,19.637774,0.99,,scene:S1_EVT0003_06
S1_EVT0003_06,EVT0003,SPILL_OBSERVATION,2026-01-15T16:42:11Z,,,,,D1
EVT0003-OBS007,EVT0003,SPILL_OBSERVATION,2026-01-16T11:44:25Z,37.18546,19.675289,0.693,,scene:S1_EVT0003_07
S1_EVT0003_07,EVT0003,SPILL_OBSERVATION,2026-01-16T11:44:25Z,,,,,D1
EVT0003-OBS008,EVT0003,SPILL_OBSERVATION,2026-01-17T09:15:10Z,37.33025,19.449561,0.99,,scene:S1_EVT0003_08
S1_EVT0003_08,EVT0003,SPILL_OBSERVATION,2026-01-17T09:15:10Z,,,,,D1
EVT0003-OBS009,EVT0003,SPILL_OBSERVATION,2026-01-18T05:52:43Z,37.329846,19.544796,0.772,,scene:S1_EVT0003_09
S1_EVT0003_09,EVT0003,SPILL_OBSERVATION,2026-01-18T05:52:43Z,,,,,D1
EVT0004-OBS000,EVT0004,SPILL_OBSERVATION,2026-01-06T14:03:35Z,37.551823,21.873967,0.99,,scene:S1_EVT0004_00
S1_EVT0004_00,EVT0004,SPILL_OBSERVATION,2026-01-06T14:03:35Z,,,,,D1
EVT0004-ENV,EVT0004,ENVIRONMENTAL_STATE,,,,,,ERA5+CMEMS(synthetic)
EVT0004-OBS001,EVT0004,SPILL_OBSERVATION,2026-01-07T11:51:13Z,37.524115,21.938802,0.99,,scene:S1_EVT0004_01
S1_EVT0004_01,EVT0004,SPILL_OBSERVATION,2026-01-07T11:51:13Z,,,,,D1
EVT0004-OBS002,EVT0004,SPILL_OBSERVATION,2026-01-08T06:44:48Z,37.623896,22.16271,0.99,,scene:S1_EVT0004_02
S1_EVT0004_02,EVT0004,SPILL_OBSERVATION,2026-01-08T06:44:48Z,,,,,D1
EVT0004-OBS003,EVT0004,SPILL_OBSERVATION,2026-01-09T04:04:08Z,38.037556,22.348664,0.99,,scene:S1_EVT0004_03
S1_EVT0004_03,EVT0004,SPILL_OBSERVATION,2026-01-09T04:04:08Z,,,,,D1
EVT0005-OBS000,EVT0005,SPILL_OBSERVATION,2026-01-13T05:26:45Z,37.164106,19.731289,0.873,,scene:S1_EVT0005_01
S1_EVT0005_01,EVT0005,SPILL_OBSERVATION,2026-01-13T05:26:45Z,,,,,D1
EVT0005-ENV,EVT0005,ENVIRONMENTAL_STATE,,,,,,ERA5+CMEMS(synthetic)
EVT0005-OBS001,EVT0005,SPILL_OBSERVATION,2026-01-13T20:00:25Z,37.403226,19.722601,0.99,,scene:S1_EVT0005_02
S1_EVT0005_02,EVT0005,SPILL_OBSERVATION,2026-01-13T20:00:25Z,,,,,D1
EVT0005-OBS002,EVT0005,SPILL_OBSERVATION,2026-01-14T14:12:40Z,37.591427,19.895901,0.99,,scene:S1_EVT0005_03
S1_EVT0005_03,EVT0005,SPILL_OBSERVATION,2026-01-14T14:12:40Z,,,,,D1
EVT0005-OBS003,EVT0005,SPILL_OBSERVATION,2026-01-15T12:50:55Z,37.813588,19.9681,0.828,,scene:S1_EVT0005_04
S1_EVT0005_04,EVT0005,SPILL_OBSERVATION,2026-01-15T12:50:55Z,,,,,D1
EVT0005-OBS004,EVT0005,SPILL_OBSERVATION,2026-01-16T05:14:19Z,38.003639,20.135432,0.807,,scene:S1_EVT0005_05
S1_EVT0005_05,EVT0005,SPILL_OBSERVATION,2026-01-16T05:14:19Z,,,,,D1
EVT0005-OBS005,EVT0005,SPILL_OBSERVATION,2026-01-16T21:40:17Z,38.226858,20.026487,0.99,,scene:S1_EVT0005_06
S1_EVT0005_06,EVT0005,SPILL_OBSERVATION,2026-01-16T21:40:17Z,,,,,D1
EVT0005-OBS006,EVT0005,SPILL_OBSERVATION,2026-01-17T19:34:59Z,38.291498,20.148578,0.99,,scene:S1_EVT0005_07
S1_EVT0005_07,EVT0005,SPILL_OBSERVATION,2026-01-17T19:34:59Z,,,,,D1
EVT0005-OBS007,EVT0005,SPILL_OBSERVATION,2026-01-18T13:27:56Z,38.351921,20.134763,0.52,,scene:S1_EVT0005_08
S1_EVT0005_08,EVT0005,SPILL_OBSERVATION,2026-01-18T13:27:56Z,,,,,D1
EVT0005-OBS008,EVT0005,SPILL_OBSERVATION,2026-01-19T02:38:30Z,38.467822,20.325487,0.99,,scene:S1_EVT0005_09
S1_EVT0005_09,EVT0005,SPILL_OBSERVATION,2026-01-19T02:38:30Z,,,,,D1
EVT0006-OBS000,EVT0006,SPILL_OBSERVATION,2026-01-06T14:04:23Z,35.799542,21.832093,0.99,,scene:S1_EVT0006_00
S1_EVT0006_00,EVT0006,SPILL_OBSERVATION,2026-01-06T14:04:23Z,,,,,D1
EVT0006-ENV,EVT0006,ENVIRONMENTAL_STATE,,,,,,ERA5+CMEMS(synthetic)
EVT0006-OBS001,EVT0006,SPILL_OBSERVATION,2026-01-07T11:14:04Z,36.057644,21.942277,0.99,,scene:S1_EVT0006_01
S1_EVT0006_01,EVT0006,SPILL_OBSERVATION,2026-01-07T11:14:04Z,,,,,D1
EVT0006-OBS002,EVT0006,SPILL_OBSERVATION,2026-01-08T04:39:11Z,36.153029,22.034147,0.879,,scene:S1_EVT0006_02
S1_EVT0006_02,EVT0006,SPILL_OBSERVATION,2026-01-08T04:39:11Z,,,,,D1
EVT0006-OBS004,EVT0006,SPILL_OBSERVATION,2026-01-09T16:57:18Z,36.549011,22.251449,0.99,,scene:S1_EVT0006_04
S1_EVT0006_04,EVT0006,SPILL_OBSERVATION,2026-01-09T16:57:18Z,,,,,D1
EVT0006-OBS005,EVT0006,SPILL_OBSERVATION,2026-01-10T11:03:46Z,36.880185,22.381286,0.868,,scene:S1_EVT0006_05
S1_EVT0006_05,EVT0006,SPILL_OBSERVATION,2026-01-10T11:03:46Z,,,,,D1
EVT0006-OBS006,EVT0006,SPILL_OBSERVATION,2026-01-11T05:06:35Z,36.948727,22.33654,0.99,,scene:S1_EVT0006_06
S1_EVT0006_06,EVT0006,SPILL_OBSERVATION,2026-01-11T05:06:35Z,,,,,D1
EVT0006-OBS008,EVT0006,SPILL_OBSERVATION,2026-01-12T15:36:50Z,37.320397,22.352445,0.99,,scene:S1_EVT0006_08
S1_EVT0006_08,EVT0006,SPILL_OBSERVATION,2026-01-12T15:36:50Z,,,,,D1
EVT0007-OBS000,EVT0007,SPILL_OBSERVATION,2026-01-13T04:48:25Z,37.649735,18.353722,0.99,,scene:S1_EVT0007_01
S1_EVT0007_01,EVT0007,SPILL_OBSERVATION,2026-01-13T04:48:25Z,,,,,D1
EVT0007-ENV,EVT0007,ENVIRONMENTAL_STATE,,,,,,ERA5+CMEMS(synthetic)
EVT0007-OBS001,EVT0007,SPILL_OBSERVATION,2026-01-14T02:37:20Z,38.126743,18.283985,0.941,,scene:S1_EVT0007_02
S1_EVT0007_02,EVT0007,SPILL_OBSERVATION,2026-01-14T02:37:20Z,,,,,D1
EVT0007-OBS002,EVT0007,SPILL_OBSERVATION,2026-01-14T23:34:26Z,38.300884,18.142225,0.99,,scene:S1_EVT0007_03
S1_EVT0007_03,EVT0007,SPILL_OBSERVATION,2026-01-14T23:34:26Z,,,,,D1
EVT0007-OBS003,EVT0007,SPILL_OBSERVATION,2026-01-15T16:02:15Z,38.296956,18.122611,0.763,,scene:S1_EVT0007_04
S1_EVT0007_04,EVT0007,SPILL_OBSERVATION,2026-01-15T16:02:15Z,,,,,D1
EVT0007-OBS005,EVT0007,SPILL_OBSERVATION,2026-01-16T20:32:17Z,38.434771,18.316145,0.732,,scene:S1_EVT0007_06
S1_EVT0007_06,EVT0007,SPILL_OBSERVATION,2026-01-16T20:32:17Z,,,,,D1
EVT0008-OBS000,EVT0008,SPILL_OBSERVATION,2026-01-11T09:04:06Z,37.271913,19.800266,0.99,,scene:S1_EVT0008_00
S1_EVT0008_00,EVT0008,SPILL_OBSERVATION,2026-01-11T09:04:06Z,,,,,D1
EVT0008-ENV,EVT0008,ENVIRONMENTAL_STATE,,,,,,ERA5+CMEMS(synthetic)
EVT0008-OBS001,EVT0008,SPILL_OBSERVATION,2026-01-12T03:40:53Z,37.284479,19.69098,0.936,,scene:S1_EVT0008_01
S1_EVT0008_01,EVT0008,SPILL_OBSERVATION,2026-01-12T03:40:53Z,,,,,D1
EVT0008-OBS002,EVT0008,SPILL_OBSERVATION,2026-01-12T21:10:16Z,37.273563,19.813541,0.99,,scene:S1_EVT0008_02
S1_EVT0008_02,EVT0008,SPILL_OBSERVATION,2026-01-12T21:10:16Z,,,,,D1
EVT0008-OBS003,EVT0008,SPILL_OBSERVATION,2026-01-13T18:17:26Z,37.456825,19.996131,0.99,,scene:S1_EVT0008_03
S1_EVT0008_03,EVT0008,SPILL_OBSERVATION,2026-01-13T18:17:26Z,,,,,D1
EVT0008-OBS004,EVT0008,SPILL_OBSERVATION,2026-01-14T15:44:00Z,37.819871,20.272343,0.99,,scene:S1_EVT0008_04
S1_EVT0008_04,EVT0008,SPILL_OBSERVATION,2026-01-14T15:44:00Z,,,,,D1
EVT0008-OBS005,EVT0008,SPILL_OBSERVATION,2026-01-15T14:38:06Z,38.07962,20.436122,0.745,,scene:S1_EVT0008_05
S1_EVT0008_05,EVT0008,SPILL_OBSERVATION,2026-01-15T14:38:06Z,,,,,D1
EVT0008-OBS007,EVT0008,SPILL_OBSERVATION,2026-01-17T02:43:03Z,38.211407,20.253554,0.99,,scene:S1_EVT0008_07
S1_EVT0008_07,EVT0008,SPILL_OBSERVATION,2026-01-17T02:43:03Z,,,,,D1
EVT0009-OBS000,EVT0009,SPILL_OBSERVATION,2026-01-06T21:07:13Z,37.331179,20.397379,0.99,,scene:S1_EVT0009_01
S1_EVT0009_01,EVT0009,SPILL_OBSERVATION,2026-01-06T21:07:13Z,,,,,D1
EVT0009-ENV,EVT0009,ENVIRONMENTAL_STATE,,,,,,ERA5+CMEMS(synthetic)
EVT0009-OBS001,EVT0009,SPILL_OBSERVATION,2026-01-07T15:58:32Z,37.593942,20.587249,0.935,,scene:S1_EVT0009_02
S1_EVT0009_02,EVT0009,SPILL_OBSERVATION,2026-01-07T15:58:32Z,,,,,D1
EVT0009-OBS003,EVT0009,SPILL_OBSERVATION,2026-01-09T01:11:31Z,37.970296,20.967587,0.99,,scene:S1_EVT0009_04
S1_EVT0009_04,EVT0009,SPILL_OBSERVATION,2026-01-09T01:11:31Z,,,,,D1
EVT0009-OBS004,EVT0009,SPILL_OBSERVATION,2026-01-09T23:46:21Z,38.418854,20.890516,0.666,,scene:S1_EVT0009_05
S1_EVT0009_05,EVT0009,SPILL_OBSERVATION,2026-01-09T23:46:21Z,,,,,D1
EVT0010-OBS000,EVT0010,SPILL_OBSERVATION,2026-01-07T02:42:44Z,36.518148,21.350219,0.99,,scene:S1_EVT0010_02
S1_EVT0010_02,EVT0010,SPILL_OBSERVATION,2026-01-07T02:42:44Z,,,,,D1
EVT0010-ENV,EVT0010,ENVIRONMENTAL_STATE,,,,,,ERA5+CMEMS(synthetic)
EVT0010-OBS001,EVT0010,SPILL_OBSERVATION,2026-01-07T20:51:16Z,36.520254,21.450627,0.99,,scene:S1_EVT0010_03
S1_EVT0010_03,EVT0010,SPILL_OBSERVATION,2026-01-07T20:51:16Z,,,,,D1
EVT0010-OBS002,EVT0010,SPILL_OBSERVATION,2026-01-08T19:12:39Z,36.811473,21.628066,0.99,,scene:S1_EVT0010_04
S1_EVT0010_04,EVT0010,SPILL_OBSERVATION,2026-01-08T19:12:39Z,,,,,D1
EVT0010-OBS003,EVT0010,SPILL_OBSERVATION,2026-01-09T13:21:25Z,37.095719,21.895798,0.876,,scene:S1_EVT0010_05
S1_EVT0010_05,EVT0010,SPILL_OBSERVATION,2026-01-09T13:21:25Z,,,,,D1
EVT0010-OBS004,EVT0010,SPILL_OBSERVATION,2026-01-10T04:54:27Z,37.35638,21.959676,0.943,,scene:S1_EVT0010_06
S1_EVT0010_06,EVT0010,SPILL_OBSERVATION,2026-01-10T04:54:27Z,,,,,D1
EVT0010-OBS005,EVT0010,SPILL_OBSERVATION,2026-01-11T01:03:17Z,37.407764,22.00204,0.99,,scene:S1_EVT0010_07
S1_EVT0010_07,EVT0010,SPILL_OBSERVATION,2026-01-11T01:03:17Z,,,,,D1
EVT0010-OBS007,EVT0010,SPILL_OBSERVATION,2026-01-12T09:04:54Z,37.701516,22.217068,0.99,,scene:S1_EVT0010_09
S1_EVT0010_09,EVT0010,SPILL_OBSERVATION,2026-01-12T09:04:54Z,,,,,D1
EVT0011-OBS000,EVT0011,SPILL_OBSERVATION,2026-01-08T13:23:16Z,37.752907,19.593876,0.929,,scene:S1_EVT0011_00
S1_EVT0011_00,EVT0011,SPILL_OBSERVATION,2026-01-08T13:23:16Z,,,,,D1
EVT0011-ENV,EVT0011,ENVIRONMENTAL_STATE,,,,,,ERA5+CMEMS(synthetic)
EVT0011-OBS001,EVT0011,SPILL_OBSERVATION,2026-01-09T02:49:40Z,37.952351,19.549458,0.99,,scene:S1_EVT0011_01
S1_EVT0011_01,EVT0011,SPILL_OBSERVATION,2026-01-09T02:49:40Z,,,,,D1
EVT0011-OBS002,EVT0011,SPILL_OBSERVATION,2026-01-10T00:11:50Z,38.012287,19.46337,0.84,,scene:S1_EVT0011_02
S1_EVT0011_02,EVT0011,SPILL_OBSERVATION,2026-01-10T00:11:50Z,,,,,D1
EVT0011-OBS003,EVT0011,SPILL_OBSERVATION,2026-01-10T17:31:00Z,38.26943,19.603535,0.99,,scene:S1_EVT0011_03
S1_EVT0011_03,EVT0011,SPILL_OBSERVATION,2026-01-10T17:31:00Z,,,,,D1
EVT0011-OBS004,EVT0011,SPILL_OBSERVATION,2026-01-11T07:16:43Z,38.359353,19.512612,0.99,,scene:S1_EVT0011_04
S1_EVT0011_04,EVT0011,SPILL_OBSERVATION,2026-01-11T07:16:43Z,,,,,D1
EVT0011-OBS005,EVT0011,SPILL_OBSERVATION,2026-01-11T21:33:54Z,38.393784,19.683374,0.99,,scene:S1_EVT0011_05
S1_EVT0011_05,EVT0011,SPILL_OBSERVATION,2026-01-11T21:33:54Z,,,,,D1
EVT0012-OBS000,EVT0012,SPILL_OBSERVATION,2026-01-13T04:42:15Z,35.652774,21.654464,0.99,,scene:S1_EVT0012_01
S1_EVT0012_01,EVT0012,SPILL_OBSERVATION,2026-01-13T04:42:15Z,,,,,D1
EVT0012-ENV,EVT0012,ENVIRONMENTAL_STATE,,,,,,ERA5+CMEMS(synthetic)
EVT0012-OBS001,EVT0012,SPILL_OBSERVATION,2026-01-14T02:09:38Z,35.675145,21.851805,0.99,,scene:S1_EVT0012_02
S1_EVT0012_02,EVT0012,SPILL_OBSERVATION,2026-01-14T02:09:38Z,,,,,D1
EVT0012-OBS002,EVT0012,SPILL_OBSERVATION,2026-01-14T20:19:00Z,35.703108,21.749376,0.718,,scene:S1_EVT0012_03
S1_EVT0012_03,EVT0012,SPILL_OBSERVATION,2026-01-14T20:19:00Z,,,,,D1
EVT0012-OBS004,EVT0012,SPILL_OBSERVATION,2026-01-16T12:04:19Z,36.239956,22.048165,0.99,,scene:S1_EVT0012_05
S1_EVT0012_05,EVT0012,SPILL_OBSERVATION,2026-01-16T12:04:19Z,,,,,D1
EVT0012-OBS005,EVT0012,SPILL_OBSERVATION,2026-01-17T05:23:13Z,36.372712,22.200582,0.929,,scene:S1_EVT0012_06
S1_EVT0012_06,EVT0012,SPILL_OBSERVATION,2026-01-17T05:23:13Z,,,,,D1
EVT0012-OBS006,EVT0012,SPILL_OBSERVATION,2026-01-17T22:39:52Z,36.424617,22.270496,0.99,,scene:S1_EVT0012_07
S1_EVT0012_07,EVT0012,SPILL_OBSERVATION,2026-01-17T22:39:52Z,,,,,D1
EVT0012-OBS007,EVT0012,SPILL_OBSERVATION,2026-01-18T18:45:37Z,36.724604,22.327768,0.99,,scene:S1_EVT0012_08
S1_EVT0012_08,EVT0012,SPILL_OBSERVATION,2026-01-18T18:45:37Z,,,,,D1
EVT0001-H00,EVT0001,SOURCE_HYPOTHESIS,2026-01-09T08:00:22Z,38.466892,21.00957,0.3083,2.761,seed:EVT0001-OBS000
EVT0001-H01,EVT0001,SOURCE_HYPOTHESIS,2026-01-09T07:35:18Z,38.459276,21.015879,0.1248,6.821,seed:EVT0001-OBS000
EVT0001-H02,EVT0001,SOURCE_HYPOTHESIS,2026-01-09T11:16:31Z,38.418241,21.059348,0.1577,5.396,seed:EVT0001-OBS000
EVT0001-H03,EVT0001,SOURCE_HYPOTHESIS,2026-01-09T12:17:19Z,38.402301,21.077149,0.1837,4.634,seed:EVT0001-OBS000
EVT0001-H04,EVT0001,SOURCE_HYPOTHESIS,2026-01-09T08:37:29Z,38.461766,21.016433,0.1329,6.404,seed:EVT0001-OBS000
EVT0001-H05,EVT0001,SOURCE_HYPOTHESIS,2026-01-09T00:59:59Z,38.575665,20.920077,0.0926,9.197,seed:EVT0001-OBS000
EVT0001-HBEST,EVT0001,SOURCE_HYPOTHESIS,2026-01-09T08:00:22Z,38.466892,21.00957,1.0,7.656,seed:EVT0001-OBS000
EVT0002-H00,EVT0002,SOURCE_HYPOTHESIS,2026-01-13T08:11:11Z,38.108387,18.321247,0.2498,4.666,seed:EVT0002-OBS000
EVT0002-H01,EVT0002,SOURCE_HYPOTHESIS,2026-01-13T05:31:33Z,38.118091,18.303508,0.1304,8.938,seed:EVT0002-OBS000
EVT0002-H02,EVT0002,SOURCE_HYPOTHESIS,2026-01-13T02:52:18Z,38.131,18.289936,0.1216,9.585,seed:EVT0002-OBS000
EVT0002-H03,EVT0002,SOURCE_HYPOTHESIS,2026-01-13T05:46:59Z,38.106611,18.311844,0.1387,8.406,seed:EVT0002-OBS000
EVT0002-H04,EVT0002,SOURCE_HYPOTHESIS,2026-01-13T07:55:25Z,38.105457,18.320722,0.1668,6.99,seed:EVT0002-OBS000
EVT0002-H05,EVT0002,SOURCE_HYPOTHESIS,2026-01-13T09:42:18Z,38.116816,18.321247,0.1927,6.048,seed:EVT0002-OBS000
EVT0002-HBEST,EVT0002,SOURCE_HYPOTHESIS,2026-01-13T08:11:11Z,38.108387,18.321247,1.0,4.666,seed:EVT0002-OBS000
EVT0003-H00,EVT0003,SOURCE_HYPOTHESIS,2026-01-10T17:52:26Z,35.824549,18.834134,0.4982,1.806,seed:EVT0003-OBS000
EVT0003-H01,EVT0003,SOURCE_HYPOTHESIS,2026-01-10T15:15:25Z,35.837542,18.853204,0.0866,10.39,seed:EVT0003-OBS000
EVT0003-H02,EVT0003,SOURCE_HYPOTHESIS,2026-01-10T18:21:55Z,35.811698,18.846015,0.0891,10.098,seed:EVT0003-OBS000
EVT0003-H03,EVT0003,SOURCE_HYPOTHESIS,2026-01-10T20:47:15Z,35.851315,18.846122,0.1076,8.364,seed:EVT0003-OBS000
EVT0003-H04,EVT0003,SOURCE_HYPOTHESIS,2026-01-10T22:49:16Z,35.836187,18.853588,0.1069,8.419,seed:EVT0003-OBS000
EVT0003-H05,EVT0003,SOURCE_HYPOTHESIS,2026-01-10T22:10:26Z,35.845669,18.850734,0.1116,8.065,seed:EVT0003-OBS000
EVT0003-HBEST,EVT0003,SOURCE_HYPOTHESIS,2026-01-10T17:52:26Z,35.824549,18.834134,1.0,1.806,seed:EVT0003-OBS000
EVT0004-H00,EVT0004,SOURCE_HYPOTHESIS,2026-01-05T20:03:35Z,37.457485,21.831324,0.4158,3.84,seed:EVT0004-OBS000
EVT0004-H01,EVT0004,SOURCE_HYPOTHESIS,2026-01-05T22:30:49Z,37.495561,21.812334,0.1263,12.639,seed:EVT0004-OBS000
EVT0004-H02,EVT0004,SOURCE_HYPOTHESIS,2026-01-05T22:51:58Z,37.503802,21.817921,0.1455,10.973,seed:EVT0004-OBS000
EVT0004-H03,EVT0004,SOURCE_HYPOTHESIS,2026-01-05T22:42:12Z,37.484506,21.813935,0.1274,12.529,seed:EVT0004-OBS000
EVT0004-H04,EVT0004,SOURCE_HYPOTHESIS,2026-01-05T17:51:44Z,37.470856,21.828426,0.0913,17.489,seed:EVT0004-OBS000
EVT0004-H05,EVT0004,SOURCE_HYPOTHESIS,2026-01-05T18:43:04Z,37.472166,21.836909,0.0936,17.054,seed:EVT0004-OBS000
EVT0004-HBEST,EVT0004,SOURCE_HYPOTHESIS,2026-01-05T20:03:35Z,37.457485,21.831324,1.0,3.84,seed:EVT0004-OBS000
EVT0005-H00,EVT0005,SOURCE_HYPOTHESIS,2026-01-12T11:26:45Z,37.278334,19.93092,0.3098,4.335,seed:EVT0005-OBS000
EVT0005-H01,EVT0005,SOURCE_HYPOTHESIS,2026-01-12T08:18:31Z,37.265783,19.980768,0.1077,12.468,seed:EVT0005-OBS000
EVT0005-H02,EVT0005,SOURCE_HYPOTHESIS,2026-01-12T16:13:13Z,37.274256,19.838788,0.1864,7.206,seed:EVT0005-OBS000
EVT0005-H03,EVT0005,SOURCE_HYPOTHESIS,2026-01-12T11:47:26Z,37.304198,19.949417,0.1323,10.151,seed:EVT0005-OBS000
EVT0005-H04,EVT0005,SOURCE_HYPOTHESIS,2026-01-12T13:08:22Z,37.289972,19.901279,0.1497,8.972,seed:EVT0005-OBS000
EVT0005-H05,EVT0005,SOURCE_HYPOTHESIS,2026-01-12T08:25:19Z,37.25976,19.964252,0.1142,11.762,seed:EVT0005-OBS000
EVT0005-HBEST,EVT0005,SOURCE_HYPOTHESIS,2026-01-12T11:26:45Z,37.278334,19.93092,1.0,4.591,seed:EVT0005-OBS000
EVT0006-H00,EVT0006,SOURCE_HYPOTHESIS,2026-01-05T20:04:23Z,35.933729,21.839526,0.5312,1.225,seed:EVT0006-OBS000
EVT0006-H01,EVT0006,SOURCE_HYPOTHESIS,2026-01-05T20:34:29Z,35.929636,21.845326,0.0904,7.197,seed:EVT0006-OBS000
EVT0006-H02,EVT0006,SOURCE_HYPOTHESIS,2026-01-05T18:23:20Z,35.930645,21.848686,0.0906,7.183,seed:EVT0006-OBS000
EVT0006-H03,EVT0006,SOURCE_HYPOTHESIS,2026-01-05T16:51:34Z,35.938525,21.853866,0.0895,7.274,seed:EVT0006-OBS000
EVT0006-H04,EVT0006,SOURCE_HYPOTHESIS,2026-01-05T18:51:45Z,35.934635,21.836392,0.1002,6.494,seed:EVT0006-OBS000
EVT0006-H05,EVT0006,SOURCE_HYPOTHESIS,2026-01-06T00:51:53Z,35.912713,21.869912,0.0981,6.636,seed:EVT0006-OBS000
EVT0006-HBEST,EVT0006,SOURCE_HYPOTHESIS,2026-01-05T20:04:23Z,35.933729,21.839526,1.0,1.358,seed:EVT0006-OBS000
EVT0007-H00,EVT0007,SOURCE_HYPOTHESIS,2026-01-13T00:40:22Z,37.697906,18.359841,0.3336,1.421,seed:EVT0007-OBS000
EVT0007-H01,EVT0007,SOURCE_HYPOTHESIS,2026-01-13T03:48:25Z,37.662091,18.354495,0.1952,2.428,seed:EVT0007-OBS000
EVT0007-H02,EVT0007,SOURCE_HYPOTHESIS,2026-01-12T20:53:44Z,37.755216,18.344472,0.0614,7.726,seed:EVT0007-OBS000
EVT0007-H03,EVT0007,SOURCE_HYPOTHESIS,2026-01-13T02:46:14Z,37.671533,18.360367,0.1399,3.388,seed:EVT0007-OBS000
EVT0007-H04,EVT0007,SOURCE_HYPOTHESIS,2026-01-12T22:25:33Z,37.715396,18.360116,0.0708,6.698,seed:EVT0007-OBS000
EVT0007-H05,EVT0007,SOURCE_HYPOTHESIS,2026-01-13T03:48:25Z,37.661931,18.356438,0.1992,2.38,seed:EVT0007-OBS000
EVT0007-HBEST,EVT0007,SOURCE_HYPOTHESIS,2026-01-13T00:40:22Z,37.697906,18.359841,1.0,3.774,seed:EVT0007-OBS000
EVT0008-H00,EVT0008,SOURCE_HYPOTHESIS,2026-01-10T15:04:06Z,37.220411,19.547959,0.332,5.91,seed:EVT0008-OBS000
EVT0008-H01,EVT0008,SOURCE_HYPOTHESIS,2026-01-10T18:56:36Z,37.202892,19.605148,0.1456,13.473,seed:EVT0008-OBS000
EVT0008-H02,EVT0008,SOURCE_HYPOTHESIS,2026-01-10T12:02:41Z,37.27624,19.587426,0.1054,18.623,seed:EVT0008-OBS000
EVT0008-H03,EVT0008,SOURCE_HYPOTHESIS,2026-01-10T19:13:20Z,37.179625,19.639125,0.1454,13.499,seed:EVT0008-OBS000
EVT0008-H04,EVT0008,SOURCE_HYPOTHESIS,2026-01-10T20:25:29Z,37.169088,19.688551,0.1627,12.059,seed:EVT0008-OBS000
EVT0008-H05,EVT0008,SOURCE_HYPOTHESIS,2026-01-10T17:11:24Z,37.278846,19.535466,0.1089,18.016,seed:EVT0008-OBS000
EVT0008-HBEST,EVT0008,SOURCE_HYPOTHESIS,2026-01-10T15:04:06Z,37.220411,19.547959,1.0,6.765,seed:EVT0008-OBS000
EVT0009-H00,EVT0009,SOURCE_HYPOTHESIS,2026-01-06T15:02:47Z,37.420297,20.493639,0.4441,1.139,seed:EVT0009-OBS000
EVT0009-H01,EVT0009,SOURCE_HYPOTHESIS,2026-01-06T13:51:17Z,37.442953,20.508098,0.1069,4.733,seed:EVT0009-OBS000
EVT0009-H02,EVT0009,SOURCE_HYPOTHESIS,2026-01-06T09:05:43Z,37.478177,20.575371,0.0986,5.129,seed:EVT0009-OBS000
EVT0009-H03,EVT0009,SOURCE_HYPOTHESIS,2026-01-06T18:26:30Z,37.362448,20.442893,0.1455,3.476,seed:EVT0009-OBS000
EVT0009-H04,EVT0009,SOURCE_HYPOTHESIS,2026-01-06T12:25:41Z,37.442344,20.509945,0.0972,5.205,seed:EVT0009-OBS000
EVT0009-H05,EVT0009,SOURCE_HYPOTHESIS,2026-01-06T13:35:23Z,37.445092,20.515199,0.1078,4.694,seed:EVT0009-OBS000
EVT0009-HBEST,EVT0009,SOURCE_HYPOTHESIS,2026-01-06T15:02:47Z,37.420297,20.493639,1.0,5.294,seed:EVT0009-OBS000
EVT0010-H00,EVT0010,SOURCE_HYPOTHESIS,2026-01-06T08:42:44Z,36.483865,21.497066,0.4019,3.584,seed:EVT0010-OBS000
EVT0010-H01,EVT0010,SOURCE_HYPOTHESIS,2026-01-06T11:43:51Z,36.513706,21.453267,0.1666,8.649,seed:EVT0010-OBS000
EVT0010-H02,EVT0010,SOURCE_HYPOTHESIS,2026-01-06T07:33:58Z,36.490203,21.519136,0.1124,12.813,seed:EVT0010-OBS000
EVT0010-H03,EVT0010,SOURCE_HYPOTHESIS,2026-01-06T04:39:46Z,36.459031,21.521408,0.0968,14.885,seed:EVT0010-OBS000
EVT0010-H04,EVT0010,SOURCE_HYPOTHESIS,2026-01-06T05:51:18Z,36.473959,21.524046,0.0985,14.631,seed:EVT0010-OBS000
EVT0010-H05,EVT0010,SOURCE_HYPOTHESIS,2026-01-06T07:28:44Z,36.485822,21.504931,0.1239,11.631,seed:EVT0010-OBS000
EVT0010-HBEST,EVT0010,SOURCE_HYPOTHESIS,2026-01-06T08:42:44Z,36.483865,21.497066,1.0,3.584,seed:EVT0010-OBS000
EVT0011-H00,EVT0011,SOURCE_HYPOTHESIS,2026-01-07T19:23:16Z,37.940096,19.396783,0.4289,2.582,seed:EVT0011-OBS000
EVT0011-H01,EVT0011,SOURCE_HYPOTHESIS,2026-01-07T17:19:58Z,37.962619,19.412277,0.1035,10.702,seed:EVT0011-OBS000
EVT0011-H02,EVT0011,SOURCE_HYPOTHESIS,2026-01-07T20:53:57Z,37.919312,19.421666,0.1179,9.389,seed:EVT0011-OBS000
EVT0011-H03,EVT0011,SOURCE_HYPOTHESIS,2026-01-07T23:46:41Z,37.869096,19.473309,0.1309,8.457,seed:EVT0011-OBS000
EVT0011-H04,EVT0011,SOURCE_HYPOTHESIS,2026-01-07T22:14:52Z,37.89582,19.437737,0.116,9.542,seed:EVT0011-OBS000
EVT0011-H05,EVT0011,SOURCE_HYPOTHESIS,2026-01-07T16:28:01Z,37.980484,19.368343,0.1027,10.779,seed:EVT0011-OBS000
EVT0011-HBEST,EVT0011,SOURCE_HYPOTHESIS,2026-01-07T19:23:16Z,37.940096,19.396783,1.0,5.178,seed:EVT0011-OBS000
EVT0012-H00,EVT0012,SOURCE_HYPOTHESIS,2026-01-12T10:42:15Z,35.628451,21.542635,0.354,4.893,seed:EVT0012-OBS000
EVT0012-H01,EVT0012,SOURCE_HYPOTHESIS,2026-01-12T14:50:27Z,35.642976,21.535795,0.1617,10.709,seed:EVT0012-OBS000
EVT0012-H02,EVT0012,SOURCE_HYPOTHESIS,2026-01-12T13:12:34Z,35.669223,21.571505,0.1375,12.594,seed:EVT0012-OBS000
EVT0012-H03,EVT0012,SOURCE_HYPOTHESIS,2026-01-12T07:27:01Z,35.621634,21.478537,0.0866,19.997,seed:EVT0012-OBS000
EVT0012-H04,EVT0012,SOURCE_HYPOTHESIS,2026-01-12T11:24:57Z,35.651876,21.551133,0.1199,14.444,seed:EVT0012-OBS000
EVT0012-H05,EVT0012,SOURCE_HYPOTHESIS,2026-01-12T13:39:03Z,35.674883,21.587944,0.1403,12.347,seed:EVT0012-OBS000
EVT0012-HBEST,EVT0012,SOURCE_HYPOTHESIS,2026-01-12T10:42:15Z,35.628451,21.542635,1.0,4.893,seed:EVT0012-OBS000
EVT0001-V-329813634,EVT0001,VESSEL,2026-01-08T21:28:12Z,,,0.2945,,AIS mmsi 329813634
EVT0001-V-459453140,EVT0001,VESSEL,2026-01-08T10:01:37Z,,,0.063,,AIS mmsi 459453140
EVT0001-V-725796285,EVT0001,VESSEL,2026-01-08T10:03:18Z,,,0.6112,,AIS mmsi 725796285
EVT0001-V-611252685,EVT0001,VESSEL,2026-01-08T10:02:41Z,,,0.1074,,AIS mmsi 611252685
EVT0001-V-459158148,EVT0001,VESSEL,2026-01-08T20:12:42Z,,,0.4565,,AIS mmsi 459158148
EVT0002-V-480469227,EVT0002,VESSEL,2026-01-12T16:04:39Z,,,0.5581,,AIS mmsi 480469227
EVT0002-V-427951534,EVT0002,VESSEL,2026-01-12T22:59:25Z,,,0.4825,,AIS mmsi 427951534
EVT0002-V-592609471,EVT0002,VESSEL,2026-01-12T17:55:34Z,,,0.3671,,AIS mmsi 592609471
EVT0002-V-624609674,EVT0002,VESSEL,2026-01-13T19:47:25Z,,,0.7321,,AIS mmsi 624609674
EVT0002-V-425068991,EVT0002,VESSEL,2026-01-12T07:52:10Z,,,0.0329,,AIS mmsi 425068991
EVT0003-V-527201014,EVT0003,VESSEL,2026-01-11T08:28:45Z,,,0.4979,,AIS mmsi 527201014
EVT0003-V-592609471,EVT0003,VESSEL,2026-01-11T14:06:00Z,,,0.1772,,AIS mmsi 592609471
EVT0003-V-649261623,EVT0003,VESSEL,2026-01-11T10:45:43Z,,,0.2639,,AIS mmsi 649261623
EVT0003-V-425068991,EVT0003,VESSEL,2026-01-10T07:32:16Z,,,0.818,,AIS mmsi 425068991
EVT0003-V-425372509,EVT0003,VESSEL,2026-01-10T05:55:45Z,,,0.416,,AIS mmsi 425372509
EVT0004-V-666296434,EVT0004,VESSEL,2026-01-06T05:40:49Z,,,0.483,,AIS mmsi 666296434
EVT0004-V-387800812,EVT0004,VESSEL,2026-01-06T12:20:49Z,,,0.2131,,AIS mmsi 387800812
EVT0004-V-701271671,EVT0004,VESSEL,2026-01-05T19:56:51Z,,,0.6192,,AIS mmsi 701271671
EVT0004-V-405267985,EVT0004,VESSEL,2026-01-06T13:44:00Z,,,0.7581,,AIS mmsi 405267985
EVT0004-V-741731333,EVT0004,VESSEL,2026-01-05T16:52:47Z,,,0.8501,,AIS mmsi 741731333
EVT0005-V-592609471,EVT0005,VESSEL,2026-01-12T07:21:49Z,,,0.5844,,AIS mmsi 592609471
EVT0005-V-480469227,EVT0005,VESSEL,2026-01-13T03:42:15Z,,,0.371,,AIS mmsi 480469227
EVT0005-V-427951534,EVT0005,VESSEL,2026-01-13T11:26:12Z,,,0.2721,,AIS mmsi 427951534
EVT0005-V-624609674,EVT0005,VESSEL,2026-01-13T11:26:43Z,,,0.5212,,AIS mmsi 624609674
EVT0005-V-425068991,EVT0005,VESSEL,2026-01-11T23:31:12Z,,,0.2398,,AIS mmsi 425068991
EVT0006-V-701271671,EVT0006,VESSEL,2026-01-06T08:33:57Z,,,0.6467,,AIS mmsi 701271671
EVT0006-V-741731333,EVT0006,VESSEL,2026-01-05T18:29:16Z,,,0.8274,,AIS mmsi 741731333
EVT0006-V-405267985,EVT0006,VESSEL,2026-01-06T10:43:17Z,,,0.7994,,AIS mmsi 405267985
EVT0006-V-666296434,EVT0006,VESSEL,2026-01-05T23:28:54Z,,,0.4913,,AIS mmsi 666296434
EVT0006-V-387871080,EVT0006,VESSEL,2026-01-06T04:22:46Z,,,0.4568,,AIS mmsi 387871080
EVT0007-V-427951534,EVT0007,VESSEL,2026-01-13T02:04:44Z,,,0.238,,AIS mmsi 427951534
EVT0007-V-480469227,EVT0007,VESSEL,2026-01-12T16:05:10Z,,,0.3414,,AIS mmsi 480469227
EVT0007-V-592609471,EVT0007,VESSEL,2026-01-12T16:39:28Z,,,0.6097,,AIS mmsi 592609471
EVT0007-V-624609674,EVT0007,VESSEL,2026-01-13T10:44:02Z,,,0.4757,,AIS mmsi 624609674
EVT0007-V-425068991,EVT0007,VESSEL,2026-01-11T22:49:18Z,,,0.2661,,AIS mmsi 425068991
EVT0008-V-425068991,EVT0008,VESSEL,2026-01-11T01:23:39Z,,,0.8706,,AIS mmsi 425068991
EVT0008-V-394390438,EVT0008,VESSEL,2026-01-11T14:10:36Z,,,0.274,,AIS mmsi 394390438
EVT0008-V-649261623,EVT0008,VESSEL,2026-01-11T15:01:20Z,,,0.1734,,AIS mmsi 649261623
EVT0008-V-527201014,EVT0008,VESSEL,2026-01-11T04:25:38Z,,,0.4979,,AIS mmsi 527201014
EVT0008-V-425372509,EVT0008,VESSEL,2026-01-10T06:14:14Z,,,0.5251,,AIS mmsi 425372509
EVT0009-V-387800812,EVT0009,VESSEL,2026-01-06T18:08:14Z,,,0.3123,,AIS mmsi 387800812
EVT0009-V-387871080,EVT0009,VESSEL,2026-01-05T22:11:02Z,,,0.4614,,AIS mmsi 387871080
EVT0009-V-314502909,EVT0009,VESSEL,2026-01-07T02:19:57Z,,,0.2038,,AIS mmsi 314502909
EVT0009-V-741731333,EVT0009,VESSEL,2026-01-06T12:11:30Z,,,0.6325,,AIS mmsi 741731333
EVT0009-V-405267985,EVT0009,VESSEL,2026-01-06T22:28:23Z,,,0.9005,,AIS mmsi 405267985
EVT0010-V-405267985,EVT0010,VESSEL,2026-01-06T10:45:44Z,,,0.8729,,AIS mmsi 405267985
EVT0010-V-666296434,EVT0010,VESSEL,2026-01-06T00:54:58Z,,,0.2998,,AIS mmsi 666296434
EVT0010-V-701271671,EVT0010,VESSEL,2026-01-06T05:11:32Z,,,0.5445,,AIS mmsi 701271671
EVT0010-V-741731333,EVT0010,VESSEL,2026-01-05T20:48:23Z,,,0.4806,,AIS mmsi 741731333
EVT0010-V-387871080,EVT0010,VESSEL,2026-01-06T02:02:42Z,,,0.3619,,AIS mmsi 387871080
EVT0011-V-611252685,EVT0011,VESSEL,2026-01-08T03:22:03Z,,,0.4769,,AIS mmsi 611252685
EVT0011-V-329813634,EVT0011,VESSEL,2026-01-08T09:41:56Z,,,0.2945,,AIS mmsi 329813634
EVT0011-V-554315731,EVT0011,VESSEL,2026-01-07T07:25:45Z,,,0.8676,,AIS mmsi 554315731
EVT0011-V-725796285,EVT0011,VESSEL,2026-01-08T02:16:28Z,,,0.5412,,AIS mmsi 725796285
EVT0011-V-692133145,EVT0011,VESSEL,2026-01-08T05:38:17Z,,,0.1174,,AIS mmsi 692133145
EVT0012-V-624609674,EVT0012,VESSEL,2026-01-12T22:52:33Z,,,0.5088,,AIS mmsi 624609674
EVT0012-V-592609471,EVT0012,VESSEL,2026-01-11T22:47:26Z,,,0.595,,AIS mmsi 592609471
EVT0012-V-480469227,EVT0012,VESSEL,2026-01-13T10:41:11Z,,,0.3414,,AIS mmsi 480469227
EVT0012-V-425068991,EVT0012,VESSEL,2026-01-11T22:45:16Z,,,0.2924,,AIS mmsi 425068991
EVT0012-V-427951534,EVT0012,VESSEL,2026-01-13T10:40:31Z,,,0.2327,,AIS mmsi 427951534
EVT0002-EV-F1F2,EVT0002,EVIDENCE,2026-01-14T03:24:19Z,,,0.827,,F1:EVT0002-OBS000|F2:EVT0002-OBS001
EVT0002-EV-F2F3,EVT0002,EVIDENCE,2026-01-14T03:24:19Z,,,0.827,,"F2:EVT0002-OBS000,EVT0002-OBS001|F3:EVT0002-HBEST"
EVT0002-EV-F3F4-480469227,EVT0002,EVIDENCE,2026-01-12T16:04:39Z,,,0.827,,F3:EVT0002-HBEST|F4:EVT0002-480469227
EVT0002-EV-F3F4-427951534,EVT0002,EVIDENCE,2026-01-12T22:59:25Z,,,0.827,,F3:EVT0002-HBEST|F4:EVT0002-427951534
EVT0002-EV-F3F4-592609471,EVT0002,EVIDENCE,2026-01-12T17:55:34Z,,,0.827,,F3:EVT0002-HBEST|F4:EVT0002-592609471
EVT0002-EV-F3F4-624609674,EVT0002,EVIDENCE,2026-01-13T19:47:25Z,,,0.827,,F3:EVT0002-HBEST|F4:EVT0002-624609674
EVT0002-EV-F3F4-425068991,EVT0002,EVIDENCE,2026-01-12T07:52:10Z,,,0.827,,F3:EVT0002-HBEST|F4:EVT0002-425068991
EVT0003-EV-F1F2,EVT0003,EVIDENCE,2026-01-12T04:39:18Z,,,0.8534,,F1:EVT0003-OBS000|F2:EVT0003-OBS001
EVT0003-EV-F2F3,EVT0003,EVIDENCE,2026-01-12T04:39:18Z,,,0.8534,,"F2:EVT0003-OBS000,EVT0003-OBS001|F3:EVT0003-HBEST"
EVT0003-EV-F3F4-527201014,EVT0003,EVIDENCE,2026-01-11T08:28:45Z,,,0.8534,,F3:EVT0003-HBEST|F4:EVT0003-527201014
EVT0003-EV-F3F4-592609471,EVT0003,EVIDENCE,2026-01-11T14:06:00Z,,,0.8534,,F3:EVT0003-HBEST|F4:EVT0003-592609471
EVT0003-EV-F3F4-649261623,EVT0003,EVIDENCE,2026-01-11T10:45:43Z,,,0.8534,,F3:EVT0003-HBEST|F4:EVT0003-649261623
EVT0003-EV-F3F4-425068991,EVT0003,EVIDENCE,2026-01-10T07:32:16Z,,,0.8534,,F3:EVT0003-HBEST|F4:EVT0003-425068991
EVT0003-EV-F3F4-425372509,EVT0003,EVIDENCE,2026-01-10T05:55:45Z,,,0.8534,,F3:EVT0003-HBEST|F4:EVT0003-425372509
EVT0004-EV-F1F2,EVT0004,EVIDENCE,2026-01-07T11:51:13Z,,,0.99,,F1:EVT0004-OBS000|F2:EVT0004-OBS001
EVT0004-EV-F2F3,EVT0004,EVIDENCE,2026-01-07T11:51:13Z,,,0.99,,"F2:EVT0004-OBS000,EVT0004-OBS001|F3:EVT0004-HBEST"
EVT0004-EV-F3F4-666296434,EVT0004,EVIDENCE,2026-01-06T05:40:49Z,,,0.99,,F3:EVT0004-HBEST|F4:EVT0004-666296434
EVT0004-EV-F3F4-387800812,EVT0004,EVIDENCE,2026-01-06T12:20:49Z,,,0.99,,F3:EVT0004-HBEST|F4:EVT0004-387800812
EVT0004-EV-F3F4-701271671,EVT0004,EVIDENCE,2026-01-05T19:56:51Z,,,0.99,,F3:EVT0004-HBEST|F4:EVT0004-701271671
EVT0004-EV-F3F4-405267985,EVT0004,EVIDENCE,2026-01-06T13:44:00Z,,,0.99,,F3:EVT0004-HBEST|F4:EVT0004-405267985
EVT0004-EV-F3F4-741731333,EVT0004,EVIDENCE,2026-01-05T16:52:47Z,,,0.99,,F3:EVT0004-HBEST|F4:EVT0004-741731333
EVT0005-EV-F1F2,EVT0005,EVIDENCE,2026-01-13T20:00:25Z,,,0.8864,,F1:EVT0005-OBS000|F2:EVT0005-OBS001
EVT0005-EV-F2F3,EVT0005,EVIDENCE,2026-01-13T20:00:25Z,,,0.8864,,"F2:EVT0005-OBS000,EVT0005-OBS001|F3:EVT0005-HBEST"
EVT0005-EV-F3F4-592609471,EVT0005,EVIDENCE,2026-01-12T07:21:49Z,,,0.8864,,F3:EVT0005-HBEST|F4:EVT0005-592609471
EVT0005-EV-F3F4-480469227,EVT0005,EVIDENCE,2026-01-13T03:42:15Z,,,0.8864,,F3:EVT0005-HBEST|F4:EVT0005-480469227
EVT0005-EV-F3F4-427951534,EVT0005,EVIDENCE,2026-01-13T11:26:12Z,,,0.8864,,F3:EVT0005-HBEST|F4:EVT0005-427951534
EVT0005-EV-F3F4-624609674,EVT0005,EVIDENCE,2026-01-13T11:26:43Z,,,0.8864,,F3:EVT0005-HBEST|F4:EVT0005-624609674
EVT0005-EV-F3F4-425068991,EVT0005,EVIDENCE,2026-01-11T23:31:12Z,,,0.8864,,F3:EVT0005-HBEST|F4:EVT0005-425068991
EVT0006-EV-F1F2,EVT0006,EVIDENCE,2026-01-07T11:14:04Z,,,0.9567,,F1:EVT0006-OBS000|F2:EVT0006-OBS001
EVT0006-EV-F2F3,EVT0006,EVIDENCE,2026-01-07T11:14:04Z,,,0.9567,,"F2:EVT0006-OBS000,EVT0006-OBS001|F3:EVT0006-HBEST"
EVT0006-EV-F3F4-701271671,EVT0006,EVIDENCE,2026-01-06T08:33:57Z,,,0.9567,,F3:EVT0006-HBEST|F4:EVT0006-701271671
EVT0006-EV-F3F4-741731333,EVT0006,EVIDENCE,2026-01-05T18:29:16Z,,,0.9567,,F3:EVT0006-HBEST|F4:EVT0006-741731333
EVT0006-EV-F3F4-405267985,EVT0006,EVIDENCE,2026-01-06T10:43:17Z,,,0.9567,,F3:EVT0006-HBEST|F4:EVT0006-405267985
EVT0006-EV-F3F4-666296434,EVT0006,EVIDENCE,2026-01-05T23:28:54Z,,,0.9567,,F3:EVT0006-HBEST|F4:EVT0006-666296434
EVT0006-EV-F3F4-387871080,EVT0006,EVIDENCE,2026-01-06T04:22:46Z,,,0.9567,,F3:EVT0006-HBEST|F4:EVT0006-387871080
EVT0007-EV-F1F2,EVT0007,EVIDENCE,2026-01-14T02:37:20Z,,,0.8832,,F1:EVT0007-OBS000|F2:EVT0007-OBS001
EVT0007-EV-F2F3,EVT0007,EVIDENCE,2026-01-14T02:37:20Z,,,0.8832,,"F2:EVT0007-OBS000,EVT0007-OBS001|F3:EVT0007-HBEST"
EVT0007-EV-F3F4-427951534,EVT0007,EVIDENCE,2026-01-13T02:04:44Z,,,0.8832,,F3:EVT0007-HBEST|F4:EVT0007-427951534
EVT0007-EV-F3F4-480469227,EVT0007,EVIDENCE,2026-01-12T16:05:10Z,,,0.8832,,F3:EVT0007-HBEST|F4:EVT0007-480469227
EVT0007-EV-F3F4-592609471,EVT0007,EVIDENCE,2026-01-12T16:39:28Z,,,0.8832,,F3:EVT0007-HBEST|F4:EVT0007-592609471
EVT0007-EV-F3F4-624609674,EVT0007,EVIDENCE,2026-01-13T10:44:02Z,,,0.8832,,F3:EVT0007-HBEST|F4:EVT0007-624609674
EVT0007-EV-F3F4-425068991,EVT0007,EVIDENCE,2026-01-11T22:49:18Z,,,0.8832,,F3:EVT0007-HBEST|F4:EVT0007-425068991
EVT0008-EV-F1F2,EVT0008,EVIDENCE,2026-01-12T03:40:53Z,,,0.9473,,F1:EVT0008-OBS000|F2:EVT0008-OBS001
EVT0008-EV-F2F3,EVT0008,EVIDENCE,2026-01-12T03:40:53Z,,,0.9473,,"F2:EVT0008-OBS000,EVT0008-OBS001|F3:EVT0008-HBEST"
EVT0008-EV-F3F4-425068991,EVT0008,EVIDENCE,2026-01-11T01:23:39Z,,,0.9473,,F3:EVT0008-HBEST|F4:EVT0008-425068991
EVT0008-EV-F3F4-394390438,EVT0008,EVIDENCE,2026-01-11T14:10:36Z,,,0.9473,,F3:EVT0008-HBEST|F4:EVT0008-394390438
EVT0008-EV-F3F4-649261623,EVT0008,EVIDENCE,2026-01-11T15:01:20Z,,,0.9473,,F3:EVT0008-HBEST|F4:EVT0008-649261623
EVT0008-EV-F3F4-527201014,EVT0008,EVIDENCE,2026-01-11T04:25:38Z,,,0.9473,,F3:EVT0008-HBEST|F4:EVT0008-527201014
EVT0008-EV-F3F4-425372509,EVT0008,EVIDENCE,2026-01-10T06:14:14Z,,,0.9473,,F3:EVT0008-HBEST|F4:EVT0008-425372509
EVT0009-EV-F1F2,EVT0009,EVIDENCE,2026-01-07T15:58:32Z,,,0.8952,,F1:EVT0009-OBS000|F2:EVT0009-OBS001
EVT0009-EV-F2F3,EVT0009,EVIDENCE,2026-01-07T15:58:32Z,,,0.8952,,"F2:EVT0009-OBS000,EVT0009-OBS001|F3:EVT0009-HBEST"
EVT0009-EV-F3F4-387800812,EVT0009,EVIDENCE,2026-01-06T18:08:14Z,,,0.8952,,F3:EVT0009-HBEST|F4:EVT0009-387800812
EVT0009-EV-F3F4-387871080,EVT0009,EVIDENCE,2026-01-05T22:11:02Z,,,0.8952,,F3:EVT0009-HBEST|F4:EVT0009-387871080
EVT0009-EV-F3F4-314502909,EVT0009,EVIDENCE,2026-01-07T02:19:57Z,,,0.8952,,F3:EVT0009-HBEST|F4:EVT0009-314502909
EVT0009-EV-F3F4-741731333,EVT0009,EVIDENCE,2026-01-06T12:11:30Z,,,0.8952,,F3:EVT0009-HBEST|F4:EVT0009-741731333
EVT0009-EV-F3F4-405267985,EVT0009,EVIDENCE,2026-01-06T22:28:23Z,,,0.8952,,F3:EVT0009-HBEST|F4:EVT0009-405267985
EVT0010-EV-F1F2,EVT0010,EVIDENCE,2026-01-07T20:51:16Z,,,0.967,,F1:EVT0010-OBS000|F2:EVT0010-OBS001
EVT0010-EV-F2F3,EVT0010,EVIDENCE,2026-01-07T20:51:16Z,,,0.967,,"F2:EVT0010-OBS000,EVT0010-OBS001|F3:EVT0010-HBEST"
EVT0010-EV-F3F4-405267985,EVT0010,EVIDENCE,2026-01-06T10:45:44Z,,,0.967,,F3:EVT0010-HBEST|F4:EVT0010-405267985
EVT0010-EV-F3F4-666296434,EVT0010,EVIDENCE,2026-01-06T00:54:58Z,,,0.967,,F3:EVT0010-HBEST|F4:EVT0010-666296434
EVT0010-EV-F3F4-701271671,EVT0010,EVIDENCE,2026-01-06T05:11:32Z,,,0.967,,F3:EVT0010-HBEST|F4:EVT0010-701271671
EVT0010-EV-F3F4-741731333,EVT0010,EVIDENCE,2026-01-05T20:48:23Z,,,0.967,,F3:EVT0010-HBEST|F4:EVT0010-741731333
EVT0010-EV-F3F4-387871080,EVT0010,EVIDENCE,2026-01-06T02:02:42Z,,,0.967,,F3:EVT0010-HBEST|F4:EVT0010-387871080
EVT0011-EV-F1F2,EVT0011,EVIDENCE,2026-01-09T02:49:40Z,,,0.9548,,F1:EVT0011-OBS000|F2:EVT0011-OBS001
EVT0011-EV-F2F3,EVT0011,EVIDENCE,2026-01-09T02:49:40Z,,,0.9548,,"F2:EVT0011-OBS000,EVT0011-OBS001|F3:EVT0011-HBEST"
EVT0011-EV-F3F4-611252685,EVT0011,EVIDENCE,2026-01-08T03:22:03Z,,,0.9548,,F3:EVT0011-HBEST|F4:EVT0011-611252685
EVT0011-EV-F3F4-329813634,EVT0011,EVIDENCE,2026-01-08T09:41:56Z,,,0.9548,,F3:EVT0011-HBEST|F4:EVT0011-329813634
EVT0011-EV-F3F4-554315731,EVT0011,EVIDENCE,2026-01-07T07:25:45Z,,,0.9548,,F3:EVT0011-HBEST|F4:EVT0011-554315731
EVT0011-EV-F3F4-725796285,EVT0011,EVIDENCE,2026-01-08T02:16:28Z,,,0.9548,,F3:EVT0011-HBEST|F4:EVT0011-725796285
EVT0011-EV-F3F4-692133145,EVT0011,EVIDENCE,2026-01-08T05:38:17Z,,,0.9548,,F3:EVT0011-HBEST|F4:EVT0011-692133145
EVT0012-EV-F1F2,EVT0012,EVIDENCE,2026-01-14T02:09:38Z,,,0.9424,,F1:EVT0012-OBS000|F2:EVT0012-OBS001
EVT0012-EV-F2F3,EVT0012,EVIDENCE,2026-01-14T02:09:38Z,,,0.9424,,"F2:EVT0012-OBS000,EVT0012-OBS001|F3:EVT0012-HBEST"
EVT0012-EV-F3F4-624609674,EVT0012,EVIDENCE,2026-01-12T22:52:33Z,,,0.9424,,F3:EVT0012-HBEST|F4:EVT0012-624609674
EVT0012-EV-F3F4-592609471,EVT0012,EVIDENCE,2026-01-11T22:47:26Z,,,0.9424,,F3:EVT0012-HBEST|F4:EVT0012-592609471
EVT0012-EV-F3F4-480469227,EVT0012,EVIDENCE,2026-01-13T10:41:11Z,,,0.9424,,F3:EVT0012-HBEST|F4:EVT0012-480469227
EVT0012-EV-F3F4-425068991,EVT0012,EVIDENCE,2026-01-11T22:45:16Z,,,0.9424,,F3:EVT0012-HBEST|F4:EVT0012-425068991
EVT0012-EV-F3F4-427951534,EVT0012,EVIDENCE,2026-01-13T10:40:31Z,,,0.9424,,F3:EVT0012-HBEST|F4:EVT0012-427951534
EVT0002-FC02-H12,EVT0002,FORECAST,2026-01-16T02:36:21Z,38.52115,18.445054,0.7584,2.2723,init:EVT0002-OBS003
EVT0002-FC02-H24,EVT0002,FORECAST,2026-01-16T14:36:21Z,38.536359,18.452193,0.6384,2.9821,init:EVT0002-OBS003
EVT0002-FC02-H48,EVT0002,FORECAST,2026-01-17T14:36:21Z,38.724753,18.54789,0.4764,3.6229,init:EVT0002-OBS003
EVT0002-FC02-H72,EVT0002,FORECAST,2026-01-18T14:36:21Z,38.88481,18.6161,0.2495,9.577,init:EVT0002-OBS003
EVT0003-FC02-H12,EVT0003,FORECAST,2026-01-13T10:10:05Z,36.319701,19.205473,0.7656,2.1309,init:EVT0003-OBS002
EVT0003-FC02-H24,EVT0003,FORECAST,2026-01-13T22:10:05Z,36.455156,19.34778,0.634,3.0856,init:EVT0003-OBS002
EVT0003-FC02-H48,EVT0003,FORECAST,2026-01-14T22:10:05Z,36.763027,19.352129,0.4389,4.8515,init:EVT0003-OBS002
EVT0003-FC02-H72,EVT0003,FORECAST,2026-01-15T22:10:05Z,36.994703,19.237512,0.2959,7.0146,init:EVT0003-OBS002
EVT0004-FC02-H12,EVT0004,FORECAST,2026-01-08T18:44:48Z,37.762759,22.30861,0.7947,1.5712,init:EVT0004-OBS002
EVT0004-FC02-H24,EVT0004,FORECAST,2026-01-09T06:44:48Z,37.976943,22.355484,0.6743,2.1622,init:EVT0004-OBS002
EVT0004-FC02-H48,EVT0004,FORECAST,2026-01-10T06:44:48Z,38.192299,22.292131,0.4197,5.5227,init:EVT0004-OBS002
EVT0004-FC02-H72,EVT0004,FORECAST,2026-01-11T06:44:48Z,38.436892,22.233638,0.2909,7.2693,init:EVT0004-OBS002
EVT0005-FC02-H12,EVT0005,FORECAST,2026-01-15T02:12:40Z,37.74862,19.895633,0.7401,2.6401,init:EVT0005-OBS002
EVT0005-FC02-H24,EVT0005,FORECAST,2026-01-15T14:12:40Z,37.839129,19.867393,0.5993,3.9306,init:EVT0005-OBS002
EVT0005-FC02-H48,EVT0005,FORECAST,2026-01-16T14:12:40Z,38.076456,19.804053,0.447,4.5792,init:EVT0005-OBS002
EVT0005-FC02-H72,EVT0005,FORECAST,2026-01-17T14:12:40Z,38.203564,19.700765,0.3239,5.6595,init:EVT0005-OBS002
EVT0006-FC02-H12,EVT0006,FORECAST,2026-01-08T16:39:11Z,36.291937,22.1298,0.7458,2.5247,init:EVT0006-OBS002
EVT0006-FC02-H24,EVT0006,FORECAST,2026-01-09T04:39:11Z,36.374318,22.189771,0.6171,3.4906,init:EVT0006-OBS002
EVT0006-FC02-H48,EVT0006,FORECAST,2026-01-10T04:39:11Z,36.680264,22.308744,0.4572,4.24,init:EVT0006-OBS002
EVT0006-FC02-H72,EVT0006,FORECAST,2026-01-11T04:39:11Z,36.927858,22.212881,0.2748,8.1273,init:EVT0006-OBS002
EVT0007-FC02-H12,EVT0007,FORECAST,2026-01-15T11:34:26Z,38.265592,18.091556,0.7183,3.0875,init:EVT0007-OBS002
EVT0007-FC02-H24,EVT0007,FORECAST,2026-01-15T23:34:26Z,38.305711,18.070826,0.5352,5.6261,init:EVT0007-OBS002
EVT0007-FC02-H48,EVT0007,FORECAST,2026-01-16T23:34:26Z,38.37618,18.161816,0.3886,6.6776,init:EVT0007-OBS002
EVT0007-FC02-H72,EVT0007,FORECAST,2026-01-17T23:34:26Z,38.586117,18.232912,0.2837,7.6496,init:EVT0007-OBS002
EVT0008-FC02-H12,EVT0008,FORECAST,2026-01-13T09:10:16Z,37.380533,19.897261,0.7638,2.1669,init:EVT0008-OBS002
EVT0008-FC02-H24,EVT0008,FORECAST,2026-01-13T21:10:16Z,37.517593,19.943361,0.6587,2.5126,init:EVT0008-OBS002
EVT0008-FC02-H48,EVT0008,FORECAST,2026-01-14T21:10:16Z,37.78787,19.96283,0.4287,5.2052,init:EVT0008-OBS002
EVT0008-FC02-H72,EVT0008,FORECAST,2026-01-15T21:10:16Z,38.028513,19.925931,0.3098,6.3273,init:EVT0008-OBS002
EVT0009-FC02-H12,EVT0009,FORECAST,2026-01-09T13:11:31Z,38.211156,21.036453,0.7541,2.3583,init:EVT0009-OBS003
EVT0009-FC02-H24,EVT0009,FORECAST,2026-01-10T01:11:31Z,38.370956,20.894447,0.5719,4.6312,init:EVT0009-OBS003
EVT0009-FC02-H48,EVT0009,FORECAST,2026-01-11T01:11:31Z,38.488554,20.724229,0.3954,6.4193,init:EVT0009-OBS003
EVT0009-FC02-H72,EVT0009,FORECAST,2026-01-12T01:11:31Z,38.565815,20.744067,0.2962,6.9985,init:EVT0009-OBS003
EVT0010-FC02-H12,EVT0010,FORECAST,2026-01-09T07:12:39Z,36.965466,21.784851,0.7471,2.4974,init:EVT0010-OBS002
EVT0010-FC02-H24,EVT0010,FORECAST,2026-01-09T19:12:39Z,37.165811,21.831365,0.694,1.7286,init:EVT0010-OBS002
EVT0010-FC02-H48,EVT0010,FORECAST,2026-01-10T19:12:39Z,37.403164,21.729357,0.4729,3.7321,init:EVT0010-OBS002
EVT0010-FC02-H72,EVT0010,FORECAST,2026-01-11T19:12:39Z,37.572158,21.631836,0.3139,6.1304,init:EVT0010-OBS002
EVT0011-FC02-H12,EVT0011,FORECAST,2026-01-10T12:11:50Z,38.119051,19.549204,0.7779,1.8921,init:EVT0011-OBS002
EVT0011-FC02-H24,EVT0011,FORECAST,2026-01-11T00:11:50Z,38.224202,19.493718,0.6636,2.4005,init:EVT0011-OBS002
EVT0011-FC02-H48,EVT0011,FORECAST,2026-01-12T00:11:50Z,38.285549,19.539847,0.4548,4.3184,init:EVT0011-OBS002
EVT0011-FC02-H72,EVT0011,FORECAST,2026-01-13T00:11:50Z,38.49256,19.675113,0.3377,5.0356,init:EVT0011-OBS002
EVT0012-FC02-H12,EVT0012,FORECAST,2026-01-15T08:19:00Z,35.7584,21.874225,0.7665,2.1141,init:EVT0012-OBS002
EVT0012-FC02-H24,EVT0012,FORECAST,2026-01-15T20:19:00Z,35.915816,21.988471,0.6438,2.8554,init:EVT0012-OBS002
EVT0012-FC02-H48,EVT0012,FORECAST,2026-01-16T20:19:00Z,36.192583,22.038315,0.4651,3.9821,init:EVT0012-OBS002
EVT0012-FC02-H72,EVT0012,FORECAST,2026-01-17T20:19:00Z,36.441018,21.977327,0.2932,7.1529,init:EVT0012-OBS002
